customerID,Gender,Elderly,Married,Dependents,Time_as_Client,PhoneService,Internet_Service,Security_Service,Suport,StreamingTV,Contract_Type,PaymentMethod,Monthly_Payment,Total_Paid,Churn
7590-VHVEG,F,0,Yes,No,1,No,DSL,No,No,No,Month-to-month,Electronic check,29.85,29.85,No
5575-GNVDE,M,0,No,No,34,Yes,DSL,Yes,No,No,One year,Mailed check,56.95,1889.5,No
3668-QPYBK,M,0,No,No,2,Yes,DSL,Yes,No,No,Month-to-month,Mailed check,53.85,108.15,Yes
7795-CFOCW,M,0,No,No,45,No,DSL,Yes,Yes,No,One year,Bank transfer (automatic),65.61,1840.75,No
8191-XWSZG,F,0,No,No,52,Yes,NO,No internet service,No internet service,No internet service,One year,Mailed check,65.61,1022.95,No
9959-WOFKT,M,0,No,Yes,71,Yes,FIBER OPTIC,Yes,No,Yes,Two year,Bank transfer (automatic),65.61,7382.25,No
4190-MFLUW,F,0,Yes,Yes,10,Yes,DSL,No,Yes,No,Month-to-month,Credit card (automatic),65.61,528.35,Yes
4183-MYFRB,F,0,No,No,21,Yes,FIBER OPTIC,No,No,No,Month-to-month,Electronic check,65.61,1862.9,No
8779-QRDMV,M,1,No,No,1,No,DSL,No,No,No,Month-to-month,Electronic check,65.61,39.65,Yes
1680-VDCWW,M,0,Yes,No,12,Yes,NO,No internet service,No internet service,No internet service,One year,Bank transfer (automatic),65.61,202.25,No
1066-JKSGK,M,0,No,No,1,Yes,NO,No internet service,No internet service,No internet service,Month-to-month,Mailed check,65.61,20.15,Yes
3638-WEABW,F,0,Yes,No,58,Yes,DSL,No,Yes,No,Two year,Credit card (automatic),65.61,3505.1,No
6322-HRPFA,M,0,Yes,Yes,49,Yes,DSL,Yes,Yes,No,Month-to-month,Credit card (automatic),65.61,2970.3,No
6865-JZNKO,F,0,No,No,30,Yes,DSL,Yes,No,No,Month-to-month,Bank transfer (automatic),65.61,1530.6,No
6467-CHFZW,M,0,Yes,Yes,47,Yes,FIBER OPTIC,No,No,Yes,Month-to-month,Electronic check,65.61,4749.15,Yes
8665-UTDHZ,M,0,Yes,Yes,1,No,DSL,No,No,No,Month-to-month,Electronic check,65.61,30.2,Yes
5248-YGIJN,M,0,Yes,No,72,Yes,DSL,Yes,Yes,Yes,Two year,Credit card (automatic),65.61,6369.45,No
8773-HHUOZ,F,0,No,Yes,17,Yes,DSL,No,No,Yes,Month-to-month,Mailed check,65.61,1093.1,Yes
3841-NFECX,F,1,Yes,No,71,Yes,FIBER OPTIC,Yes,Yes,No,Two year,Credit card (automatic),65.61,6766.95,No
4929-XIHVW,M,1,Yes,No,2,Yes,FIBER OPTIC,No,No,Yes,Month-to-month,Credit card (automatic),65.61,181.65,No
6827-IEAUQ,F,0,Yes,Yes,27,Yes,DSL,Yes,Yes,No,One year,Mailed check,65.61,1874.45,No
7310-EGVHZ,M,0,No,No,1,Yes,NO,No internet service,No internet service,No internet service,Month-to-month,Bank transfer (automatic),65.61,20.2,No
3413-BMNZE,M,1,No,No,1,Yes,DSL,No,No,No,Month-to-month,Bank transfer (automatic),65.61,45.25,No
6234-RAAPL,F,0,Yes,Yes,72,Yes,FIBER OPTIC,Yes,Yes,Yes,Two year,Bank transfer (automatic),65.61,7251.7,No
6047-YHPVI,M,0,No,No,5,Yes,FIBER OPTIC,No,No,No,Month-to-month,Electronic check,65.61,316.9,Yes
6572-ADKRS,F,0,No,No,46,Yes,FIBER OPTIC,No,No,No,Month-to-month,Credit card (automatic),65.61,3548.3,No
5380-WJKOV,M,0,No,No,34,Yes,FIBER OPTIC,No,No,Yes,Month-to-month,Electronic check,65.61,3549.25,Yes
8168-UQWWF,F,0,No,No,11,Yes,FIBER OPTIC,No,No,Yes,Month-to-month,Bank transfer (automatic),65.61,1105.4,Yes
8865-TNMNX,M,0,Yes,Yes,10,Yes,DSL,No,No,No,One year,Mailed check,65.61,475.7,No
9489-DEDVP,F,0,Yes,Yes,70,Yes,DSL,Yes,No,Yes,Two year,Credit card (automatic),65.61,4872.35,No
9867-JCZSP,F,0,Yes,Yes,17,Yes,NO,No internet service,No internet service,No internet service,One year,Mailed check,65.61,418.25,No
4671-VJLCL,F,0,No,No,63,Yes,DSL,Yes,Yes,Yes,Two year,Credit card (automatic),65.61,4861.45,No
4080-IIARD,F,0,Yes,No,13,Yes,DSL,Yes,Yes,Yes,Month-to-month,Electronic check,65.61,981.45,No
3714-NTNFO,F,0,No,No,49,Yes,FIBER OPTIC,No,No,No,Month-to-month,Electronic check,65.61,3906.7,No
5948-UJZLF,M,0,No,No,2,Yes,DSL,No,No,No,Month-to-month,Mailed check,65.61,97.0,No
7760-OYPDY,F,0,No,No,2,Yes,FIBER OPTIC,No,No,Yes,Month-to-month,Electronic check,65.61,144.15,Yes
7639-LIAYI,M,0,No,No,52,Yes,DSL,Yes,Yes,Yes,Two year,Credit card (automatic),65.61,4217.8,No
2954-PIBKO,F,0,Yes,Yes,69,Yes,DSL,Yes,Yes,No,Two year,Credit card (automatic),65.61,4254.1,No
8012-SOUDQ,F,1,No,No,43,Yes,FIBER OPTIC,No,No,Yes,Month-to-month,Electronic check,65.61,3838.75,No
9420-LOJKX,F,0,No,No,15,Yes,FIBER OPTIC,Yes,No,Yes,Month-to-month,Credit card (automatic),65.61,1426.4,Yes
6575-SUVOI,F,1,Yes,No,25,Yes,DSL,Yes,Yes,Yes,Month-to-month,Credit card (automatic),65.61,1752.65,No
7495-OOKFY,F,1,Yes,No,8,Yes,FIBER OPTIC,No,No,No,Month-to-month,Credit card (automatic),65.61,633.3,Yes
4667-QONEA,F,1,Yes,Yes,60,Yes,DSL,Yes,Yes,No,One year,Credit card (automatic),65.61,4456.35,No
1658-BYGOY,M,1,No,No,18,Yes,FIBER OPTIC,No,No,Yes,Month-to-month,Electronic check,65.61,1752.55,Yes
8769-KKTPH,F,0,Yes,Yes,63,Yes,FIBER OPTIC,Yes,No,Yes,One year,Credit card (automatic),65.61,6311.2,No
5067-XJQFU,M,1,Yes,Yes,66,Yes,FIBER OPTIC,No,Yes,Yes,One year,Electronic check,65.61,7076.35,No
3957-SQXML,F,0,Yes,Yes,34,Yes,NO,No internet service,No internet service,No internet service,Two year,Credit card (automatic),65.61,894.3,No
5954-BDFSG,F,0,No,No,72,Yes,FIBER OPTIC,No,Yes,Yes,Two year,Credit card (automatic),65.61,7853.7,No
0434-CSFON,F,0,Yes,No,47,Yes,FIBER OPTIC,No,No,Yes,Month-to-month,Electronic check,65.61,4707.1,No
1215-FIGMP,M,0,No,No,60,Yes,FIBER OPTIC,No,No,Yes,Month-to-month,Bank transfer (automatic),65.61,5450.7,No
0526-SXDJP,M,0,Yes,No,72,No,DSL,Yes,No,No,Two year,Bank transfer (automatic),65.61,2962.0,No
0557-ASKVU,F,0,Yes,Yes,18,Yes,DSL,No,Yes,No,One year,Credit card (automatic),65.61,957.1,No
5698-BQJOH,F,0,No,No,9,Yes,FIBER OPTIC,No,No,Yes,Month-to-month,Electronic check,65.61,857.25,Yes
5122-CYFXA,F,0,No,No,3,Yes,DSL,No,Yes,Yes,Month-to-month,Electronic check,65.61,244.1,No
8627-ZYGSZ,M,0,Yes,No,47,Yes,FIBER OPTIC,No,No,No,One year,Electronic check,65.61,3650.35,No
3410-YOQBQ,F,0,No,No,31,Yes,DSL,No,Yes,Yes,Two year,Mailed check,65.61,2497.2,No
3170-NMYVV,F,0,Yes,Yes,50,Yes,NO,No internet service,No internet service,No internet service,Two year,Bank transfer (automatic),65.61,930.9,No
7410-OIEDU,M,0,No,No,10,Yes,FIBER OPTIC,Yes,No,No,Month-to-month,Mailed check,65.61,887.35,No
2273-QCKXA,M,0,No,No,1,Yes,DSL,No,Yes,No,Month-to-month,Mailed check,65.61,49.05,No
0731-EBJQB,F,0,Yes,Yes,52,Yes,NO,No internet service,No internet service,No internet service,One year,Electronic check,65.61,1090.65,No
1891-QRQSA,M,1,Yes,Yes,64,Yes,FIBER OPTIC,Yes,Yes,Yes,Two year,Bank transfer (automatic),65.61,7099.0,No
8028-PNXHQ,M,0,Yes,Yes,62,Yes,NO,No internet service,No internet service,No internet service,Two year,Bank transfer (automatic),65.61,1424.6,No
5630-AHZIL,F,0,No,Yes,3,Yes,DSL,Yes,Yes,No,Month-to-month,Bank transfer (automatic),65.61,177.4,No
2673-CXQEU,F,1,No,No,56,Yes,FIBER OPTIC,Yes,No,Yes,One year,Electronic check,65.61,6139.5,No
6416-JNVRK,F,0,No,No,46,Yes,DSL,No,No,No,One year,Credit card (automatic),65.61,2688.85,No
5590-ZSKRV,F,0,Yes,Yes,8,Yes,DSL,Yes,No,No,Month-to-month,Mailed check,65.61,482.25,No
0191-ZHSKZ,M,1,No,No,30,Yes,DSL,Yes,No,Yes,Month-to-month,Electronic check,65.61,2111.3,No
3887-PBQAO,F,0,Yes,Yes,45,Yes,NO,No internet service,No internet service,No internet service,One year,Credit card (automatic),65.61,1216.6,No
5919-TMRGD,F,0,No,Yes,1,Yes,FIBER OPTIC,No,No,Yes,Month-to-month,Electronic check,65.61,79.35,Yes
8108-UXRQN,F,0,Yes,Yes,11,No,DSL,Yes,No,Yes,Month-to-month,Electronic check,65.61,565.35,No
9191-MYQKX,F,0,Yes,No,7,Yes,FIBER OPTIC,No,No,No,Month-to-month,Bank transfer (automatic),65.61,496.9,Yes
9919-YLNNG,F,0,No,No,42,Yes,FIBER OPTIC,No,Yes,Yes,Month-to-month,Bank transfer (automatic),65.61,4327.5,No
0318-ZOPWS,F,0,Yes,No,49,Yes,NO,No internet service,No internet service,No internet service,Two year,Bank transfer (automatic),65.61,973.35,No
4445-ZJNMU,M,0,No,No,9,Yes,FIBER OPTIC,No,No,Yes,Month-to-month,Credit card (automatic),65.61,918.75,No
4808-YNLEU,F,0,Yes,No,35,Yes,DSL,Yes,No,Yes,One year,Bank transfer (automatic),65.61,2215.45,No
1862-QRWPE,F,0,Yes,Yes,48,Yes,NO,No internet service,No internet service,No internet service,Two year,Bank transfer (automatic),65.61,1057.0,No
2796-NNUFI,F,0,Yes,Yes,46,Yes,NO,No internet service,No internet service,No internet service,Two year,Mailed check,65.61,927.1,No
3016-KSVCP,M,0,Yes,No,29,No,DSL,No,No,Yes,Month-to-month,Mailed check,65.61,1009.25,No
4767-HZZHQ,M,0,Yes,Yes,30,Yes,FIBER OPTIC,No,No,No,Month-to-month,Bank transfer (automatic),65.61,2570.2,No
2424-WVHPL,M,1,No,No,1,Yes,FIBER OPTIC,No,Yes,No,Month-to-month,Electronic check,65.61,74.7,No
7233-PAHHL,M,0,Yes,Yes,66,Yes,DSL,Yes,Yes,Yes,Two year,Mailed check,65.61,5714.25,No
6067-NGCEU,F,0,No,No,65,Yes,FIBER OPTIC,Yes,No,Yes,Month-to-month,Credit card (automatic),65.61,7107.0,No
9848-JQJTX,M,0,No,No,72,Yes,FIBER OPTIC,No,No,Yes,Two year,Bank transfer (automatic),65.61,7459.05,No
8637-XJIVR,F,0,No,No,12,Yes,FIBER OPTIC,Yes,No,No,Month-to-month,Electronic check,65.61,927.35,Yes
9803-FTJCG,M,0,Yes,Yes,71,Yes,DSL,Yes,Yes,No,One year,Credit card (automatic),65.61,4748.7,No
0278-YXOOG,M,0,No,No,5,Yes,NO,No internet service,No internet service,No internet service,Month-to-month,Mailed check,65.61,113.85,Yes
3212-KXOCR,M,0,No,No,52,Yes,NO,No internet service,No internet service,No internet service,Two year,Bank transfer (automatic),65.61,1107.2,No
4598-XLKNJ,F,1,Yes,No,25,Yes,FIBER OPTIC,No,No,Yes,Month-to-month,Electronic check,65.61,2514.5,Yes
6380-ARCEH,M,0,No,No,1,Yes,NO,No internet service,No internet service,No internet service,Month-to-month,Mailed check,65.61,20.2,No
3679-XASPY,F,0,Yes,Yes,1,Yes,NO,No internet service,No internet service,No internet service,Month-to-month,Electronic check,65.61,19.45,No
7123-WQUHX,M,0,No,No,38,Yes,FIBER OPTIC,No,Yes,Yes,One year,Bank transfer (automatic),65.61,3605.6,No
5386-THSLQ,F,1,Yes,No,66,No,DSL,No,No,Yes,One year,Bank transfer (automatic),65.61,3027.25,No
3192-NQECA,M,0,Yes,No,68,Yes,FIBER OPTIC,No,Yes,Yes,Two year,Bank transfer (automatic),65.61,7611.85,Yes
6180-YBIQI,M,0,No,No,5,No,DSL,No,No,No,Month-to-month,Mailed check,65.61,100.2,No
6728-DKUCO,F,0,Yes,Yes,72,Yes,FIBER OPTIC,Yes,No,Yes,One year,Electronic check,65.61,7303.05,No
9750-BOOHV,F,0,No,No,32,No,DSL,Yes,No,No,One year,Mailed check,65.61,927.65,No
8597-CWYHH,M,0,No,No,43,Yes,FIBER OPTIC,No,No,Yes,One year,Mailed check,65.61,3921.3,No
2848-YXSMW,M,0,Yes,Yes,72,Yes,NO,No internet service,No internet service,No internet service,Two year,Credit card (automatic),65.61,1363.25,No
0486-HECZI,M,0,Yes,No,55,Yes,FIBER OPTIC,Yes,No,Yes,Month-to-month,Electronic check,65.61,5238.9,Yes
4549-ZDQYY,F,0,No,No,52,Yes,DSL,Yes,Yes,No,One year,Credit card (automatic),65.61,3042.25,No
5712-AHQNN,F,0,No,No,43,Yes,FIBER OPTIC,No,No,Yes,Month-to-month,Electronic check,65.61,3954.1,No
4846-WHAFZ,F,1,Yes,No,37,Yes,FIBER OPTIC,No,No,No,Month-to-month,Electronic check,65.61,2868.15,Yes
5256-SKJGO,F,0,Yes,Yes,64,No,DSL,No,Yes,Yes,Two year,Electronic check,65.61,3423.5,No
3071-VBYPO,M,0,Yes,Yes,3,Yes,FIBER OPTIC,Yes,No,Yes,Month-to-month,Electronic check,65.61,248.4,No
9560-BBZXK,F,0,No,No,36,No,DSL,Yes,No,No,Two year,Bank transfer (automatic),65.61,1126.35,No
5299-RULOA,F,0,Yes,Yes,10,Yes,FIBER OPTIC,Yes,No,Yes,Month-to-month,Electronic check,65.61,1064.65,Yes
8402-OOOHJ,F,0,No,No,41,Yes,NO,No internet service,No internet service,No internet service,Two year,Mailed check,65.61,835.15,No
9445-ZUEQE,M,0,Yes,Yes,27,Yes,FIBER OPTIC,No,Yes,No,Month-to-month,Credit card (automatic),65.61,2151.6,No
1091-SOZGA,F,0,Yes,Yes,56,Yes,FIBER OPTIC,No,No,Yes,One year,Credit card (automatic),65.61,5515.45,No
2928-HLDBA,F,0,No,No,6,Yes,NO,No internet service,No internet service,No internet service,Month-to-month,Mailed check,65.61,112.75,No
0404-SWRVG,M,0,No,No,3,Yes,FIBER OPTIC,No,No,No,Month-to-month,Electronic check,65.61,229.55,Yes
6497-TILVL,F,0,Yes,Yes,7,Yes,DSL,Yes,No,No,Month-to-month,Mailed check,65.61,350.35,No
7219-TLZHO,F,0,Yes,Yes,4,Yes,NO,No internet service,No internet service,No internet service,Month-to-month,Mailed check,65.61,62.9,No
4622-YNKIJ,M,0,No,No,33,Yes,FIBER OPTIC,Yes,Yes,Yes,Two year,Electronic check,65.61,3027.65,No
4412-YLTKF,F,1,No,No,27,Yes,FIBER OPTIC,No,No,No,Month-to-month,Electronic check,65.61,2135.5,Yes
6734-PSBAW,M,0,Yes,No,72,Yes,NO,No internet service,No internet service,No internet service,Two year,Bank transfer (automatic),65.61,1723.95,No
3930-ZGWVE,M,0,No,No,1,Yes,NO,No internet service,No internet service,No internet service,Month-to-month,Mailed check,65.61,19.75,No
2639-UGMAZ,M,1,No,No,71,No,DSL,Yes,No,Yes,One year,Electronic check,65.61,3985.35,No
2876-GZYZC,F,0,No,No,13,Yes,FIBER OPTIC,No,No,No,Month-to-month,Electronic check,65.61,1215.65,No
6207-WIOLX,F,0,Yes,Yes,25,No,DSL,Yes,No,Yes,Month-to-month,Credit card (automatic),65.61,1502.65,Yes
8587-XYZSF,M,0,No,No,67,Yes,DSL,No,Yes,No,Two year,Bank transfer (automatic),65.61,3260.1,No
3091-FYHKI,M,0,No,No,1,No,DSL,No,No,No,Month-to-month,Electronic check,65.61,35.45,Yes
2372-HWUHI,M,0,No,No,2,Yes,DSL,No,No,No,Month-to-month,Electronic check,65.61,81.25,Yes
7799-LGRDP,F,0,No,No,43,Yes,NO,No internet service,No internet service,No internet service,Two year,Credit card (automatic),65.61,1188.2,No
7850-VWJUU,F,0,No,No,23,Yes,FIBER OPTIC,Yes,No,No,Month-to-month,Bank transfer (automatic),65.61,1778.5,No
3774-VBNXY,F,0,Yes,Yes,64,Yes,NO,No internet service,No internet service,No internet service,Two year,Mailed check,65.61,1277.75,No
6217-KDYWC,M,0,No,Yes,57,Yes,NO,No internet service,No internet service,No internet service,Two year,Mailed check,65.61,1170.55,No
0390-DCFDQ,F,1,Yes,No,1,Yes,FIBER OPTIC,No,No,No,Month-to-month,Mailed check,65.61,70.45,Yes
3146-MSEGF,F,1,Yes,Yes,72,Yes,DSL,Yes,Yes,Yes,Two year,Credit card (automatic),65.61,6425.65,No
4080-OGPJL,F,0,No,No,8,Yes,DSL,Yes,Yes,No,Month-to-month,Electronic check,65.61,563.65,Yes
1095-WGNGG,F,0,Yes,No,61,Yes,FIBER OPTIC,No,No,Yes,Two year,Bank transfer (automatic),65.61,5971.25,No
2636-SJDOU,M,0,No,No,64,Yes,FIBER OPTIC,Yes,No,No,One year,Credit card (automatic),65.61,5289.05,No
1131-QQZEB,M,1,Yes,No,71,Yes,NO,No internet service,No internet service,No internet service,Two year,Bank transfer (automatic),65.61,1756.2,No
5716-EZXZN,F,0,Yes,Yes,65,Yes,FIBER OPTIC,Yes,Yes,Yes,Two year,Credit card (automatic),65.61,6416.7,No
6837-BJYDQ,M,0,No,No,3,Yes,NO,No internet service,No internet service,No internet service,One year,Mailed check,65.61,61.35,No
2135-RXIHG,M,0,No,No,1,Yes,DSL,No,No,No,Month-to-month,Electronic check,65.61,45.65,Yes
6440-DKQGE,M,0,No,Yes,30,Yes,DSL,No,No,Yes,One year,Credit card (automatic),65.61,1929.95,No
3466-BYAVD,M,0,Yes,Yes,15,Yes,DSL,No,Yes,No,Month-to-month,Mailed check,65.61,1071.4,No
3780-YVMFA,F,0,Yes,Yes,8,Yes,DSL,No,Yes,Yes,Month-to-month,Electronic check,65.61,564.35,No
3874-EQOEP,M,0,No,No,7,Yes,FIBER OPTIC,No,No,Yes,Month-to-month,Mailed check,65.61,655.5,Yes
1679-JRFBR,F,0,Yes,Yes,70,Yes,FIBER OPTIC,Yes,No,Yes,One year,Credit card (automatic),65.61,7930.55,No
9073-ZZIAY,M,0,Yes,Yes,62,Yes,DSL,Yes,Yes,Yes,Two year,Electronic check,65.61,5215.25,No
3077-RSNTJ,F,0,Yes,Yes,6,Yes,NO,No internet service,No internet service,No internet service,Month-to-month,Mailed check,65.61,113.5,No
6551-GNYDG,F,0,Yes,Yes,14,Yes,FIBER OPTIC,No,No,No,Month-to-month,Bank transfer (automatic),65.61,1152.8,No
9167-APMXZ,F,0,No,No,22,Yes,FIBER OPTIC,No,No,Yes,Month-to-month,Bank transfer (automatic),65.61,1821.95,No
2749-CTKAJ,M,0,Yes,Yes,22,Yes,NO,No internet service,No internet service,No internet service,One year,Mailed check,65.61,419.9,No
6371-NZYEG,M,0,Yes,Yes,16,Yes,DSL,Yes,No,Yes,Two year,Mailed check,65.61,1024.0,No
7554-NEWDD,M,0,No,No,10,Yes,NO,No internet service,No internet service,No internet service,Two year,Bank transfer (automatic),65.61,251.6,No
8992-VONJD,F,0,No,Yes,13,Yes,DSL,Yes,No,No,Month-to-month,Electronic check,65.61,764.55,No
0867-MKZVY,F,0,Yes,No,20,Yes,FIBER OPTIC,Yes,No,No,Month-to-month,Electronic check,65.61,1592.35,Yes
4482-EWFMI,F,0,No,No,2,Yes,FIBER OPTIC,No,No,No,Month-to-month,Electronic check,65.61,135.2,No
4648-YPBTM,M,0,No,No,53,Yes,DSL,No,Yes,No,Two year,Bank transfer (automatic),65.61,3958.25,No
2907-ILJBN,F,0,Yes,Yes,11,Yes,NO,No internet service,No internet service,No internet service,One year,Mailed check,65.61,233.9,No
6345-FZOQH,M,0,Yes,No,69,Yes,NO,No internet service,No internet service,No internet service,Two year,Mailed check,65.61,1363.45,No
3376-BMGFE,F,0,No,No,4,Yes,FIBER OPTIC,No,No,No,Month-to-month,Bank transfer (automatic),65.61,273.0,Yes
5997-OPVFA,M,0,Yes,No,72,Yes,DSL,Yes,Yes,Yes,Two year,Bank transfer (automatic),65.61,6254.45,No
3445-HXXGF,M,1,Yes,No,58,Yes,DSL,No,No,No,Month-to-month,Electronic check,65.61,2651.2,Yes
1159-WFSGR,F,0,Yes,Yes,16,Yes,NO,No internet service,No internet service,No internet service,Month-to-month,Electronic check,65.61,321.4,No
7654-YWJUF,M,0,Yes,No,43,Yes,FIBER OPTIC,Yes,Yes,No,One year,Bank transfer (automatic),65.61,3539.25,No
1875-QIVME,F,0,Yes,No,2,Yes,FIBER OPTIC,No,Yes,Yes,Month-to-month,Electronic check,65.61,242.8,Yes
6727-IOTLZ,M,0,Yes,No,14,Yes,DSL,No,Yes,Yes,Two year,Mailed check,65.61,1181.75,No
0691-JVSYA,F,0,Yes,No,53,Yes,FIBER OPTIC,No,No,Yes,One year,Bank transfer (automatic),65.61,5000.2,Yes
5918-VUKWP,F,0,No,No,32,Yes,NO,No internet service,No internet service,No internet service,One year,Bank transfer (automatic),65.61,654.55,No
1744-JHKYS,F,0,Yes,No,34,Yes,NO,No internet service,No internet service,No internet service,Month-to-month,Electronic check,65.61,780.2,No
2656-FMOKZ,F,1,No,No,15,Yes,FIBER OPTIC,No,No,No,Month-to-month,Mailed check,65.61,1145.7,Yes
2070-FNEXE,F,1,No,No,7,Yes,FIBER OPTIC,Yes,No,No,Month-to-month,Bank transfer (automatic),65.61,503.6,Yes
5947-SGKCL,F,0,Yes,Yes,15,Yes,FIBER OPTIC,No,No,Yes,Month-to-month,Bank transfer (automatic),65.61,1559.25,No
3712-PKXZA,M,0,Yes,No,61,Yes,NO,No internet service,No internet service,No internet service,One year,Credit card (automatic),65.61,1252.0,No
6317-YPKDH,F,0,No,No,1,Yes,DSL,No,No,No,Month-to-month,Bank transfer (automatic),65.61,29.95,Yes
6582-OIVSP,F,0,No,No,1,Yes,DSL,No,No,No,Month-to-month,Mailed check,65.61,45.3,No
9367-WXLCH,M,0,No,No,8,Yes,FIBER OPTIC,No,No,No,Month-to-month,Bank transfer (automatic),65.61,662.65,Yes
5524-KHNJP,M,0,Yes,Yes,33,Yes,DSL,Yes,No,Yes,One year,Credit card (automatic),65.61,2453.3,No
1918-ZBFQJ,F,0,No,No,13,Yes,FIBER OPTIC,No,No,No,Month-to-month,Electronic check,65.61,1111.65,Yes
1024-GUALD,F,0,Yes,No,1,Yes,DSL,No,No,No,Month-to-month,Electronic check,65.61,24.8,Yes
4827-USJHP,M,0,No,No,20,Yes,DSL,No,No,No,Month-to-month,Mailed check,65.61,1023.85,No
8167-GJLRN,M,0,No,No,3,Yes,DSL,No,Yes,No,Month-to-month,Electronic check,65.61,82.15,No
0956-SYCWG,F,0,No,No,13,Yes,NO,No internet service,No internet service,No internet service,One year,Electronic check,65.61,244.8,No
8017-UVSZU,F,0,Yes,No,40,Yes,DSL,No,No,No,Month-to-month,Credit card (automatic),65.61,2379.1,No
7100-FQPRV,M,0,Yes,Yes,43,Yes,DSL,Yes,Yes,No,One year,Credit card (automatic),65.61,3173.35,No
2472-OVKUP,M,0,Yes,No,6,Yes,FIBER OPTIC,No,No,No,Month-to-month,Electronic check,65.61,531.0,Yes
2984-RGEYA,F,0,Yes,Yes,69,Yes,NO,No internet service,No internet service,No internet service,Two year,Bank transfer (automatic),65.61,1375.4,No
9680-NIAUV,F,0,Yes,Yes,72,Yes,FIBER OPTIC,Yes,No,Yes,Two year,Credit card (automatic),65.61,8129.3,No
2146-EGVDT,M,0,Yes,Yes,59,Yes,NO,No internet service,No internet service,No internet service,Two year,Credit card (automatic),65.61,1192.7,No
2604-IJPDU,F,0,Yes,No,20,Yes,FIBER OPTIC,Yes,Yes,Yes,Month-to-month,Electronic check,65.61,1901.65,No
9178-JHUVJ,M,0,Yes,Yes,24,Yes,NO,No internet service,No internet service,No internet service,Two year,Bank transfer (automatic),65.61,587.4,No
6168-YBYNP,M,0,No,No,59,Yes,FIBER OPTIC,No,Yes,Yes,Month-to-month,Electronic check,65.61,6519.75,No
7255-SSFBC,M,0,Yes,Yes,72,Yes,FIBER OPTIC,No,Yes,Yes,Two year,Bank transfer (automatic),65.61,8041.65,No
3645-DEYGF,M,0,No,Yes,1,Yes,NO,No internet service,No internet service,No internet service,Month-to-month,Mailed check,65.61,20.75,No
9323-HGFWY,F,0,Yes,No,27,Yes,FIBER OPTIC,Yes,Yes,Yes,One year,Credit card (automatic),65.61,2681.15,No
8544-GOQSH,F,0,No,No,14,Yes,FIBER OPTIC,No,Yes,No,Month-to-month,Credit card (automatic),65.61,1112.3,No
3363-DTIVD,M,0,Yes,Yes,71,Yes,FIBER OPTIC,Yes,No,Yes,Two year,Electronic check,65.61,7405.5,No
7018-WBJNK,M,0,No,Yes,13,Yes,FIBER OPTIC,No,No,Yes,Month-to-month,Credit card (automatic),65.61,1033.95,No
9142-KZXOP,M,0,No,No,44,Yes,FIBER OPTIC,No,No,No,Month-to-month,Credit card (automatic),65.61,2958.95,No
7674-YTAFD,F,0,No,No,33,Yes,FIBER OPTIC,No,Yes,No,One year,Bank transfer (automatic),65.61,2684.85,No
6348-SNFUS,M,0,Yes,Yes,72,Yes,DSL,Yes,Yes,No,Two year,Credit card (automatic),65.61,4179.2,No
1285-OKIPP,M,0,No,No,1,Yes,FIBER OPTIC,No,No,No,Month-to-month,Electronic check,65.61,79.9,Yes
7825-ECJRF,F,0,No,No,19,Yes,FIBER OPTIC,Yes,Yes,Yes,Month-to-month,Electronic check,65.61,1934.45,Yes
1347-KTTTA,M,0,Yes,No,64,Yes,FIBER OPTIC,No,Yes,Yes,One year,Credit card (automatic),65.61,6654.1,No
7841-TZDMQ,M,0,No,No,2,Yes,DSL,No,No,No,Month-to-month,Credit card (automatic),65.61,84.5,Yes
4195-NZGTA,F,0,No,No,1,Yes,DSL,No,No,No,Month-to-month,Electronic check,65.61,25.25,No
7157-SMCFK,M,0,No,Yes,61,Yes,NO,No internet service,No internet service,No internet service,Two year,Mailed check,65.61,1124.2,No
4709-LKHYG,F,0,Yes,Yes,29,Yes,NO,No internet service,No internet service,No internet service,One year,Electronic check,65.61,540.05,No
2504-DSHIH,M,1,Yes,No,23,Yes,FIBER OPTIC,No,No,No,Month-to-month,Electronic check,65.61,1975.85,No
0699-NDKJM,F,0,Yes,No,57,Yes,DSL,Yes,No,Yes,Month-to-month,Bank transfer (automatic),65.61,3437.45,No
9286-BHDQG,M,0,Yes,Yes,72,Yes,DSL,Yes,Yes,No,Two year,Credit card (automatic),65.61,3139.8,No
0230-WEQUW,M,0,Yes,No,66,Yes,DSL,Yes,Yes,Yes,Two year,Bank transfer (automatic),65.61,3789.2,No
2040-LDIWQ,M,0,Yes,Yes,65,Yes,DSL,No,Yes,Yes,Two year,Bank transfer (automatic),65.61,5324.5,No
6496-JDSSB,F,0,No,No,8,Yes,FIBER OPTIC,No,No,Yes,Month-to-month,Bank transfer (automatic),65.61,624.6,No
9408-SSNVZ,F,0,No,No,4,Yes,FIBER OPTIC,No,No,No,Month-to-month,Electronic check,65.61,268.35,Yes
4443-EMBNA,F,0,Yes,No,71,Yes,NO,No internet service,No internet service,No internet service,Two year,Bank transfer (automatic),65.61,1836.9,No
6469-MRVET,M,0,Yes,Yes,1,Yes,NO,No internet service,No internet service,No internet service,One year,Electronic check,65.61,20.2,No
0742-MOABM,M,0,Yes,No,4,Yes,DSL,No,Yes,No,Month-to-month,Mailed check,65.61,179.35,Yes
5961-VUSRV,F,0,No,No,12,Yes,NO,No internet service,No internet service,No internet service,One year,Bank transfer (automatic),65.61,219.35,No
6778-JFCMK,M,0,No,No,24,Yes,DSL,Yes,No,Yes,One year,Mailed check,65.61,1288.75,No
6341-JVQGF,F,0,Yes,Yes,31,Yes,DSL,Yes,Yes,Yes,One year,Mailed check,65.61,2545.75,No
2232-DMLXU,F,0,Yes,No,1,Yes,DSL,No,No,Yes,Month-to-month,Mailed check,65.61,55.2,Yes
4811-JBUVU,M,0,No,No,30,Yes,FIBER OPTIC,No,Yes,No,Month-to-month,Credit card (automatic),65.61,2723.15,No
0945-TSONX,F,0,Yes,Yes,47,Yes,DSL,Yes,Yes,Yes,Two year,Credit card (automatic),65.61,4107.25,No
2651-ZCBXV,M,0,No,No,54,Yes,FIBER OPTIC,Yes,Yes,Yes,Two year,Credit card (automatic),65.61,5760.65,No
3316-UWXUY,M,0,No,No,50,Yes,FIBER OPTIC,Yes,Yes,No,Month-to-month,Credit card (automatic),65.61,4747.5,No
8937-RDTHP,M,0,No,No,1,Yes,FIBER OPTIC,Yes,No,No,Month-to-month,Mailed check,65.61,84.6,Yes
7083-MIOPC,F,0,No,No,72,Yes,NO,No internet service,No internet service,No internet service,Two year,Credit card (automatic),65.61,1566.9,No
1984-GPTEH,F,0,No,No,29,Yes,NO,No internet service,No internet service,No internet service,Month-to-month,Electronic check,65.61,702.0,No
1251-KRREG,M,0,No,No,2,Yes,DSL,No,No,No,Month-to-month,Mailed check,65.61,114.1,Yes
0621-JFHOL,F,0,No,No,10,Yes,DSL,No,Yes,No,Two year,Mailed check,65.61,299.05,No
9903-LYSAB,M,0,Yes,No,18,Yes,FIBER OPTIC,No,No,No,Month-to-month,Electronic check,65.61,1305.95,No
0094-OIFMO,F,1,No,No,11,Yes,FIBER OPTIC,No,No,Yes,Month-to-month,Electronic check,65.61,1120.3,Yes
9227-UAQFT,M,0,No,No,16,Yes,NO,No internet service,No internet service,No internet service,Two year,Mailed check,65.61,284.35,No
7301-ABVAD,F,0,No,No,72,Yes,DSL,No,Yes,Yes,Two year,Bank transfer (automatic),65.61,6350.5,No
6614-FHDBO,M,0,No,No,72,Yes,FIBER OPTIC,No,Yes,Yes,Two year,Bank transfer (automatic),65.61,7878.3,No
7576-ASEJU,F,0,Yes,Yes,41,Yes,DSL,Yes,Yes,Yes,One year,Credit card (automatic),65.61,3187.65,No
9058-HRZSV,F,1,Yes,No,65,Yes,FIBER OPTIC,Yes,No,No,Month-to-month,Electronic check,65.61,6126.15,No
4522-AKYLR,F,1,No,No,13,Yes,DSL,No,No,No,Month-to-month,Electronic check,65.61,731.3,No
0221-WMXNQ,M,1,No,No,4,Yes,FIBER OPTIC,Yes,No,No,Month-to-month,Electronic check,65.61,273.4,No
0303-UNCIP,M,0,No,No,41,Yes,DSL,No,No,No,One year,Mailed check,65.61,2531.8,No
9947-OTFQU,M,1,No,No,15,Yes,FIBER OPTIC,No,No,No,Month-to-month,Electronic check,65.61,1074.3,Yes
0322-YINQP,M,0,No,No,1,Yes,DSL,Yes,No,No,Month-to-month,Mailed check,65.61,48.55,Yes
0959-WHOKV,M,0,No,No,42,Yes,FIBER OPTIC,Yes,No,No,One year,Electronic check,65.61,4298.45,No
4075-JFPGR,F,0,Yes,No,51,Yes,FIBER OPTIC,Yes,No,Yes,One year,Electronic check,65.61,4619.55,No
4629-NRXKX,F,0,Yes,Yes,2,Yes,FIBER OPTIC,No,No,No,Month-to-month,Electronic check,65.61,147.15,Yes
9514-JDSKI,M,1,Yes,No,1,Yes,DSL,No,No,Yes,Month-to-month,Electronic check,65.61,40.2,Yes
3282-ZISZV,M,0,No,Yes,32,Yes,DSL,No,Yes,Yes,One year,Credit card (automatic),65.61,2633.3,No
3675-YDUPJ,M,0,No,No,10,Yes,NO,No internet service,No internet service,No internet service,Month-to-month,Mailed check,65.61,193.05,No
4111-BNXIF,F,0,Yes,Yes,67,Yes,DSL,No,Yes,Yes,Two year,Electronic check,65.61,4103.9,No
7017-VFHAY,F,0,Yes,Yes,61,Yes,FIBER OPTIC,Yes,Yes,Yes,Two year,Credit card (automatic),65.61,7008.15,No
6655-LHBYW,M,0,No,No,50,Yes,FIBER OPTIC,Yes,Yes,Yes,One year,Credit card (automatic),65.61,5791.1,No
4959-JOSRX,F,0,Yes,No,2,Yes,DSL,No,No,No,Month-to-month,Credit card (automatic),65.61,80.55,Yes
5046-NUHWD,F,1,Yes,No,29,Yes,DSL,Yes,No,No,Month-to-month,Electronic check,65.61,1228.65,No
7273-TEFQD,M,1,No,No,3,Yes,DSL,No,No,No,Month-to-month,Electronic check,65.61,132.2,Yes
3606-TWKGI,M,1,No,No,13,Yes,FIBER OPTIC,No,No,Yes,Month-to-month,Electronic check,65.61,1364.3,Yes
7529-ZDFXI,M,1,Yes,No,57,Yes,FIBER OPTIC,No,No,No,Month-to-month,Electronic check,65.61,4925.35,No
7605-BDWDC,F,0,No,No,31,Yes,DSL,Yes,Yes,No,Two year,Bank transfer (automatic),65.61,1520.1,No
1950-KSVVJ,F,0,Yes,No,45,Yes,FIBER OPTIC,Yes,Yes,Yes,One year,Mailed check,65.61,5032.25,No
0123-CRBRT,F,0,Yes,Yes,61,Yes,DSL,Yes,Yes,Yes,Two year,Mailed check,65.61,5526.75,No
6292-TOSSS,M,0,No,No,50,Yes,NO,No internet service,No internet service,No internet service,Two year,Bank transfer (automatic),65.61,1195.25,No
3197-ARFOY,F,1,No,No,19,Yes,FIBER OPTIC,Yes,Yes,Yes,Month-to-month,Mailed check,65.61,2007.25,No
6323-AYBRX,M,0,No,No,59,Yes,NO,No internet service,No internet service,No internet service,Two year,Mailed check,65.61,1099.6,Yes
7014-ZZXAW,F,0,Yes,No,71,Yes,NO,No internet service,No internet service,No internet service,Two year,Credit card (automatic),65.61,1732.95,No
4385-GZQXV,F,1,No,No,16,Yes,FIBER OPTIC,No,Yes,Yes,Month-to-month,Electronic check,65.61,1511.2,Yes
7633-MVPUY,M,0,Yes,No,57,Yes,DSL,Yes,Yes,No,Two year,Electronic check,65.61,3450.15,No
6366-ZGQGL,M,0,No,No,1,Yes,DSL,No,No,No,Month-to-month,Bank transfer (automatic),65.61,24.8,Yes
4716-HHKQH,M,1,Yes,No,20,Yes,FIBER OPTIC,No,Yes,Yes,Month-to-month,Electronic check,65.61,2172.05,No
5940-AHUHD,M,0,No,No,1,Yes,FIBER OPTIC,No,No,No,Month-to-month,Mailed check,65.61,70.6,Yes
6432-TWQLB,M,0,Yes,No,5,Yes,FIBER OPTIC,No,Yes,No,Month-to-month,Electronic check,65.61,401.1,Yes
4484-GLZOU,F,0,Yes,No,52,Yes,FIBER OPTIC,No,No,Yes,Month-to-month,Electronic check,65.61,5624.85,Yes
3179-GBRWV,M,1,Yes,No,21,Yes,DSL,Yes,No,No,Month-to-month,Bank transfer (automatic),65.61,1339.8,No
8645-KWHJO,M,0,No,No,14,Yes,DSL,No,Yes,Yes,Month-to-month,Electronic check,65.61,771.95,No
4130-MZLCC,F,0,No,No,5,Yes,DSL,No,No,No,Month-to-month,Bank transfer (automatic),65.61,244.75,No
0314-TKOSI,F,0,No,No,6,Yes,DSL,Yes,No,No,Month-to-month,Mailed check,65.61,322.9,No
8229-MYEJZ,F,0,No,No,10,Yes,DSL,No,No,No,Month-to-month,Electronic check,65.61,498.25,No
2080-SRCDE,F,0,No,Yes,1,Yes,NO,No internet service,No internet service,No internet service,Month-to-month,Mailed check,65.61,25.4,No
9577-WJVCQ,F,0,No,No,68,Yes,DSL,Yes,No,No,Month-to-month,Mailed check,65.61,3687.75,No
9512-UIBFX,M,0,Yes,Yes,18,Yes,FIBER OPTIC,No,No,Yes,Month-to-month,Mailed check,65.61,1779.95,Yes
6202-DYYFX,F,0,No,No,22,Yes,FIBER OPTIC,No,No,No,One year,Credit card (automatic),65.61,1783.6,No
3808-HFKDE,F,0,No,No,20,Yes,DSL,No,No,No,Month-to-month,Electronic check,65.61,927.15,No
5583-SXDAG,M,0,Yes,No,1,Yes,FIBER OPTIC,No,No,No,Month-to-month,Electronic check,65.61,70.0,Yes
3488-PGMQJ,M,1,No,No,8,Yes,FIBER OPTIC,No,No,No,Month-to-month,Electronic check,65.61,606.55,Yes
3580-REOAC,M,0,No,No,10,Yes,DSL,No,No,No,Month-to-month,Credit card (automatic),65.61,435.4,Yes
7534-BFESC,M,1,No,No,24,Yes,FIBER OPTIC,No,No,No,Month-to-month,Electronic check,65.61,1712.7,Yes
3727-OWVYD,M,0,No,No,35,Yes,DSL,Yes,No,No,One year,Mailed check,65.61,2021.2,No
2294-SALNE,M,0,Yes,Yes,23,Yes,FIBER OPTIC,No,Yes,No,One year,Mailed check,65.61,1940.8,No
4847-TAJYI,F,1,No,No,6,Yes,FIBER OPTIC,No,No,Yes,Month-to-month,Electronic check,65.61,567.8,No
1563-IWQEX,F,0,No,No,12,Yes,NO,No internet service,No internet service,No internet service,Month-to-month,Mailed check,65.61,220.35,No
8203-XJZRC,M,0,No,No,1,Yes,NO,No internet service,No internet service,No internet service,Month-to-month,Mailed check,65.61,20.25,No
6556-DBKZF,F,0,Yes,Yes,71,Yes,FIBER OPTIC,No,No,No,Two year,Electronic check,65.61,5436.45,No
6851-WEFYX,M,1,Yes,No,35,Yes,FIBER OPTIC,No,No,Yes,Month-to-month,Electronic check,65.61,3437.5,No
2985-JUUBZ,M,0,Yes,Yes,40,Yes,DSL,No,No,Yes,Month-to-month,Electronic check,65.61,3015.75,No
6390-DSAZX,F,0,No,Yes,1,Yes,FIBER OPTIC,Yes,No,No,Month-to-month,Mailed check,65.61,73.6,Yes
0895-LMRSF,M,0,No,No,23,Yes,DSL,No,No,Yes,One year,Bank transfer (automatic),64.9,1509.8,No
8098-LLAZX,F,1,No,No,4,Yes,FIBER OPTIC,No,No,Yes,Month-to-month,Electronic check,95.45,396.1,Yes
8266-VBFQL,M,0,No,No,4,Yes,FIBER OPTIC,No,Yes,No,Month-to-month,Electronic check,90.4,356.65,No
8181-YHCMF,F,0,Yes,Yes,68,Yes,DSL,No,Yes,Yes,Two year,Credit card (automatic),60.3,4109.0,No
2240-HSJQD,M,0,No,Yes,38,Yes,FIBER OPTIC,No,No,No,Month-to-month,Mailed check,81.85,3141.7,No
1248-DYXUB,M,0,Yes,Yes,52,Yes,NO,No internet service,No internet service,No internet service,Two year,Mailed check,24.8,1229.1,No
0265-EDXBD,M,1,Yes,No,32,Yes,FIBER OPTIC,No,No,No,Month-to-month,Electronic check,74.9,2303.35,Yes
4115-BNPJY,M,0,Yes,Yes,29,Yes,DSL,No,Yes,Yes,Two year,Mailed check,75.55,2054.4,No
3167-SNQPL,M,1,Yes,Yes,38,Yes,FIBER OPTIC,No,No,Yes,Month-to-month,Electronic check,101.15,3741.85,No
4091-TVOCN,M,0,No,Yes,48,Yes,DSL,Yes,No,Yes,One year,Credit card (automatic),78.75,3682.45,No
1098-TDVUQ,F,0,No,No,1,Yes,NO,No internet service,No internet service,No internet service,Month-to-month,Bank transfer (automatic),19.25,19.25,No
7277-OZCGZ,F,0,No,No,22,Yes,FIBER OPTIC,Yes,Yes,No,Month-to-month,Electronic check,89.05,1886.25,No
1557-EMYVT,F,0,No,No,43,Yes,FIBER OPTIC,Yes,Yes,Yes,Two year,Credit card (automatic),115.05,4895.1,No
2799-ARNLO,F,1,Yes,No,5,Yes,FIBER OPTIC,No,No,No,Month-to-month,Electronic check,69.35,341.6,No
7563-BIUPC,M,0,No,No,5,Yes,FIBER OPTIC,No,No,Yes,Month-to-month,Electronic check,80.6,415.55,Yes
5027-YOCXN,M,0,Yes,Yes,51,Yes,FIBER OPTIC,Yes,Yes,Yes,One year,Credit card (automatic),110.05,5686.4,No
3973-SKMLN,M,0,No,No,71,Yes,NO,No internet service,No internet service,No internet service,Two year,Credit card (automatic),19.9,1355.1,No
2321-OMBXY,F,0,Yes,Yes,38,Yes,DSL,Yes,Yes,Yes,One year,Credit card (automatic),80.3,3058.65,Yes
2840-XANRC,M,1,Yes,No,24,Yes,FIBER OPTIC,No,No,Yes,Month-to-month,Electronic check,93.15,2231.05,Yes
6745-JEFZB,M,0,Yes,No,35,Yes,FIBER OPTIC,No,Yes,Yes,Month-to-month,Credit card (automatic),91.5,3236.35,No
5020-ZSTTY,F,1,No,No,54,Yes,DSL,Yes,Yes,Yes,One year,Bank transfer (automatic),82.45,4350.1,Yes
9880-TDQAC,F,0,Yes,Yes,72,Yes,DSL,No,Yes,Yes,Two year,Electronic check,60.0,4264.0,No
8705-WZCYL,M,0,No,No,1,Yes,DSL,No,No,No,Month-to-month,Electronic check,44.8,44.8,No
7102-JJVTX,F,0,Yes,Yes,9,Yes,DSL,Yes,No,No,One year,Mailed check,48.6,422.3,No
8626-PTQGE,M,0,No,No,69,Yes,DSL,Yes,Yes,Yes,Two year,Bank transfer (automatic),60.05,4176.7,No
4983-CLMLV,F,0,Yes,No,52,Yes,FIBER OPTIC,No,Yes,Yes,Month-to-month,Credit card (automatic),102.7,5138.1,No
5701-YVSVF,F,1,Yes,No,11,Yes,FIBER OPTIC,No,Yes,Yes,Month-to-month,Electronic check,82.9,880.05,No
5804-LEPIM,F,1,No,No,2,Yes,FIBER OPTIC,No,No,No,Month-to-month,Electronic check,70.35,139.05,Yes
5697-GOMBF,F,1,Yes,Yes,28,Yes,DSL,No,No,Yes,Month-to-month,Electronic check,35.9,973.65,No
2739-CACDQ,F,1,No,No,17,Yes,FIBER OPTIC,No,No,No,Month-to-month,Credit card (automatic),82.65,1470.05,No
9385-EHGDO,F,0,Yes,Yes,35,Yes,NO,No internet service,No internet service,No internet service,Two year,Mailed check,19.85,739.35,No
9498-FIMXL,F,0,No,No,8,Yes,NO,No internet service,No internet service,No internet service,One year,Mailed check,19.2,161.95,No
2379-GYFLQ,M,0,No,No,46,Yes,FIBER OPTIC,No,No,Yes,One year,Credit card (automatic),94.9,4422.95,No
0122-OAHPZ,F,0,No,No,7,Yes,FIBER OPTIC,No,No,No,Month-to-month,Electronic check,73.85,511.25,Yes
2868-SNELZ,F,0,No,No,2,Yes,FIBER OPTIC,No,No,No,Month-to-month,Mailed check,80.6,155.8,Yes
4322-RCYMT,M,0,Yes,Yes,68,Yes,DSL,No,Yes,No,One year,Bank transfer (automatic),75.8,5293.95,Yes
6680-NENYN,F,0,No,No,43,Yes,FIBER OPTIC,No,No,Yes,Two year,Electronic check,104.6,4759.85,Yes
2088-IEBAU,F,0,No,No,68,Yes,DSL,Yes,Yes,Yes,Two year,Electronic check,88.15,6148.45,No
7982-VCELR,F,0,No,No,36,Yes,FIBER OPTIC,No,No,Yes,Month-to-month,Credit card (automatic),94.8,3565.65,No
1343-EHPYB,M,0,Yes,No,63,Yes,FIBER OPTIC,No,No,Yes,Month-to-month,Electronic check,103.4,6603.0,Yes
6035-BXTTY,F,1,No,No,32,Yes,DSL,No,Yes,No,Month-to-month,Bank transfer (automatic),54.65,1830.1,No
6885-PKOAM,F,0,Yes,No,71,Yes,DSL,Yes,Yes,Yes,Two year,Credit card (automatic),85.75,6223.8,No
7520-HQWJU,F,0,Yes,Yes,66,Yes,DSL,Yes,No,No,Month-to-month,Bank transfer (automatic),67.45,4508.65,No
9639-BUJXT,M,0,No,No,63,Yes,NO,No internet service,No internet service,No internet service,One year,Mailed check,20.5,1328.15,No
5924-SNGKP,F,0,No,Yes,41,Yes,NO,No internet service,No internet service,No internet service,One year,Credit card (automatic),20.25,865.0,No
0021-IKXGC,F,1,No,No,1,Yes,FIBER OPTIC,No,No,No,Month-to-month,Electronic check,72.1,72.1,No
2034-GDRCN,F,0,No,No,2,Yes,FIBER OPTIC,No,No,Yes,Month-to-month,Electronic check,90.4,168.2,Yes
8966-SNIZF,F,0,Yes,No,70,Yes,NO,No internet service,No internet service,No internet service,Two year,Bank transfer (automatic),19.45,1303.5,No
6243-OZGFH,F,0,No,No,23,Yes,DSL,No,No,Yes,Month-to-month,Electronic check,44.95,996.85,No
4654-DLAMQ,F,1,Yes,No,64,Yes,FIBER OPTIC,Yes,No,No,One year,Bank transfer (automatic),97.0,6430.9,No
0513-RBGPE,M,0,Yes,Yes,37,Yes,DSL,Yes,Yes,No,Two year,Credit card (automatic),62.8,2278.75,No
5160-UXJED,M,0,No,Yes,17,Yes,DSL,No,No,No,One year,Mailed check,44.6,681.4,No
4115-NZRKS,F,1,No,No,7,Yes,FIBER OPTIC,No,No,Yes,Month-to-month,Electronic check,89.15,574.35,No
0219-YTZUE,M,0,Yes,Yes,4,Yes,FIBER OPTIC,No,No,No,Month-to-month,Bank transfer (automatic),84.8,371.9,Yes
0623-IIHUG,F,1,No,No,21,Yes,DSL,Yes,No,Yes,Month-to-month,Electronic check,41.9,840.1,Yes
4572-DVCGN,F,0,No,No,10,Yes,FIBER OPTIC,No,No,No,Month-to-month,Bank transfer (automatic),80.25,846.0,Yes
3351-NGXYI,F,1,No,No,16,Yes,DSL,Yes,No,No,Month-to-month,Electronic check,54.1,889.0,No
8984-EYLLL,M,0,Yes,No,64,Yes,FIBER OPTIC,No,Yes,Yes,Two year,Electronic check,105.25,6823.4,No
9057-MSWCO,M,1,Yes,No,27,Yes,DSL,Yes,No,No,Month-to-month,Credit card (automatic),30.75,805.1,Yes
9833-TGFHX,M,0,Yes,Yes,42,Yes,FIBER OPTIC,Yes,No,Yes,One year,Electronic check,97.1,4016.75,No
9294-TDIPC,M,0,No,Yes,5,Yes,NO,No internet service,No internet service,No internet service,Month-to-month,Mailed check,20.2,83.75,No
5229-DTFYB,F,0,No,No,41,Yes,FIBER OPTIC,No,Yes,Yes,Two year,Bank transfer (automatic),98.8,3959.15,No
0104-PPXDV,M,0,Yes,No,58,Yes,DSL,No,No,No,One year,Credit card (automatic),50.3,2878.55,No
5176-LMJXE,F,0,No,No,47,Yes,NO,No internet service,No internet service,No internet service,Two year,Mailed check,20.55,945.7,No
3583-KRKMD,M,0,No,No,18,Yes,FIBER OPTIC,No,Yes,No,Month-to-month,Bank transfer (automatic),75.9,1373.05,No
1010-DIAUQ,M,0,No,No,5,Yes,FIBER OPTIC,No,No,Yes,Month-to-month,Bank transfer (automatic),96.5,492.55,Yes
9069-LGEUL,M,0,Yes,No,23,Yes,DSL,Yes,No,No,Month-to-month,Bank transfer (automatic),59.95,1406.0,No
7302-ZHMHP,F,0,No,No,1,Yes,NO,No internet service,No internet service,No internet service,Month-to-month,Mailed check,19.15,19.15,No
9571-EDEBV,M,0,Yes,No,71,Yes,FIBER OPTIC,No,No,Yes,One year,Credit card (automatic),98.65,6962.85,No
3520-FJGCV,M,0,Yes,Yes,72,Yes,FIBER OPTIC,Yes,Yes,Yes,Two year,Credit card (automatic),112.6,8126.65,No
6563-VRERX,M,0,Yes,Yes,33,Yes,NO,No internet service,No internet service,No internet service,One year,Mailed check,20.6,690.25,No
0259-GBZSH,M,0,No,No,2,Yes,FIBER OPTIC,No,No,Yes,Month-to-month,Electronic check,85.65,181.5,Yes
6122-EFVKN,M,0,No,Yes,24,Yes,DSL,Yes,Yes,No,Two year,Mailed check,35.75,830.8,No
2805-EDJPQ,F,0,Yes,Yes,56,Yes,FIBER OPTIC,No,Yes,No,One year,Credit card (automatic),99.75,5608.4,No
6862-CQUMB,M,0,No,No,37,Yes,FIBER OPTIC,No,No,Yes,Month-to-month,Credit card (automatic),96.1,3646.8,No
7156-MXBJE,F,0,No,No,43,Yes,DSL,No,Yes,Yes,One year,Credit card (automatic),85.1,3662.25,No
6158-HDPXZ,M,0,No,No,1,Yes,DSL,No,No,No,Month-to-month,Mailed check,25.35,25.35,No
9601-BRXPO,F,0,Yes,No,25,Yes,FIBER OPTIC,No,Yes,Yes,Month-to-month,Bank transfer (automatic),104.95,2566.5,Yes
2863-IMQDR,F,0,No,No,61,Yes,DSL,Yes,Yes,Yes,Two year,Electronic check,89.65,5308.7,No
5686-CMAWK,M,0,No,No,17,Yes,FIBER OPTIC,No,Yes,No,One year,Electronic check,86.75,1410.25,No
5651-CRHKQ,F,0,Yes,No,41,Yes,FIBER OPTIC,No,Yes,No,One year,Bank transfer (automatic),86.2,3339.05,No
6905-NIQIN,M,0,No,No,1,Yes,DSL,No,No,No,Month-to-month,Mailed check,50.65,50.65,Yes
8204-YJCLA,M,1,Yes,Yes,72,Yes,DSL,Yes,Yes,Yes,Two year,Bank transfer (automatic),64.8,4732.35,No
5167-ZFFMM,M,0,No,No,1,Yes,FIBER OPTIC,No,No,No,Month-to-month,Credit card (automatic),90.85,90.85,Yes
6583-SZVGP,M,0,No,No,48,Yes,FIBER OPTIC,No,No,Yes,Two year,Bank transfer (automatic),108.1,5067.45,No
4895-TMWIR,M,1,Yes,No,11,Yes,NO,No internet service,No internet service,No internet service,Month-to-month,Mailed check,19.95,214.75,Yes
0533-BNWKF,F,1,Yes,No,55,Yes,FIBER OPTIC,No,No,No,Month-to-month,Electronic check,85.45,4874.7,Yes
1708-PBBOA,F,0,No,No,42,Yes,DSL,Yes,Yes,No,One year,Electronic check,54.75,2348.45,No
8782-LKFPK,M,0,No,No,44,Yes,FIBER OPTIC,No,No,No,Month-to-month,Mailed check,90.4,4063.0,No
5522-JBWMO,M,0,No,Yes,1,Yes,DSL,No,No,No,Month-to-month,Electronic check,44.0,44.0,No
3597-MVHJT,F,0,No,No,27,Yes,FIBER OPTIC,No,No,Yes,Month-to-month,Bank transfer (automatic),95.6,2595.25,No
9774-NRNAU,M,1,Yes,No,27,Yes,DSL,No,Yes,Yes,Month-to-month,Bank transfer (automatic),84.8,2309.55,No
0224-RLWWD,F,1,No,No,2,Yes,DSL,No,No,No,Month-to-month,Electronic check,44.3,89.3,No
9967-ATRFS,F,0,No,No,19,Yes,NO,No internet service,No internet service,No internet service,Month-to-month,Mailed check,19.9,367.55,No
3951-NJCVI,F,1,Yes,No,42,Yes,FIBER OPTIC,No,No,Yes,Month-to-month,Electronic check,95.05,3944.5,No
2977-CEBSX,F,0,No,No,66,Yes,DSL,Yes,Yes,Yes,Two year,Credit card (automatic),90.05,5965.95,No
0177-PXBAT,M,1,Yes,No,33,Yes,FIBER OPTIC,Yes,Yes,Yes,Month-to-month,Bank transfer (automatic),109.9,3694.7,No
6599-CEBNN,F,0,No,No,34,Yes,FIBER OPTIC,No,No,No,Month-to-month,Credit card (automatic),73.95,2524.45,Yes
2519-ERQOJ,M,1,No,No,33,Yes,DSL,No,Yes,Yes,Month-to-month,Electronic check,54.6,1803.7,No
5876-QMYLD,F,0,Yes,Yes,23,Yes,NO,No internet service,No internet service,No internet service,One year,Mailed check,20.05,415.1,No
2277-AXSDC,F,0,No,No,32,Yes,NO,No internet service,No internet service,No internet service,One year,Bank transfer (automatic),19.75,624.15,No
9442-JTWDL,F,0,No,No,11,Yes,NO,No internet service,No internet service,No internet service,One year,Credit card (automatic),20.05,237.7,No
0979-PHULV,M,0,Yes,Yes,69,Yes,FIBER OPTIC,No,No,Yes,Month-to-month,Credit card (automatic),99.45,7007.6,Yes
3067-SVMTC,F,0,Yes,No,68,Yes,DSL,Yes,Yes,No,One year,Bank transfer (automatic),55.9,3848.8,No
5495-GPSRW,M,0,No,No,20,Yes,NO,No internet service,No internet service,No internet service,Two year,Mailed check,19.7,419.4,No
7606-BPHHN,M,0,No,No,72,Yes,NO,No internet service,No internet service,No internet service,Two year,Credit card (automatic),19.8,1468.75,No
4742-DRORA,M,0,Yes,Yes,60,Yes,FIBER OPTIC,Yes,No,Yes,One year,Bank transfer (automatic),95.4,5812.0,No
0111-KLBQG,M,1,Yes,Yes,32,Yes,FIBER OPTIC,No,No,Yes,Month-to-month,Mailed check,93.95,2861.45,No
4800-VHZKI,F,0,No,No,1,Yes,NO,No internet service,No internet service,No internet service,Month-to-month,Mailed check,19.9,19.9,Yes
7989-CHGTL,M,0,No,No,1,Yes,NO,No internet service,No internet service,No internet service,Month-to-month,Mailed check,19.6,19.6,Yes
0334-GDDSO,M,1,No,No,3,Yes,FIBER OPTIC,No,No,No,Month-to-month,Electronic check,81.35,233.7,Yes
4163-NCJAK,F,0,Yes,No,46,Yes,NO,No internet service,No internet service,No internet service,One year,Bank transfer (automatic),24.45,1066.15,No
5233-AOZUF,F,0,Yes,No,29,Yes,FIBER OPTIC,No,No,No,Month-to-month,Electronic check,74.95,2149.05,No
5973-EJGDP,M,0,No,No,51,Yes,FIBER OPTIC,No,Yes,No,Month-to-month,Electronic check,87.35,4473.0,No
1996-DBMUS,F,1,Yes,No,48,Yes,FIBER OPTIC,No,No,No,Month-to-month,Bank transfer (automatic),70.65,3545.05,No
7916-VCCPB,F,0,Yes,Yes,16,Yes,FIBER OPTIC,No,No,No,Month-to-month,Bank transfer (automatic),73.25,1195.75,No
4686-GEFRM,M,0,Yes,No,70,Yes,FIBER OPTIC,No,Yes,No,Two year,Bank transfer (automatic),98.7,6858.9,No
5249-QYHEX,F,0,Yes,Yes,40,Yes,NO,No internet service,No internet service,No internet service,Two year,Mailed check,24.8,1024.7,No
0578-SKVMF,F,0,Yes,Yes,22,Yes,FIBER OPTIC,No,No,No,Month-to-month,Electronic check,83.3,1845.9,Yes
5564-NEMQO,F,1,No,No,1,Yes,FIBER OPTIC,No,No,No,Month-to-month,Bank transfer (automatic),75.3,75.3,Yes
2233-FAGXV,F,0,Yes,Yes,5,Yes,NO,No internet service,No internet service,No internet service,Month-to-month,Mailed check,24.3,132.25,No
5605-IYGFG,F,0,No,No,7,Yes,FIBER OPTIC,No,No,No,Month-to-month,Bank transfer (automatic),69.85,515.45,No
7663-ZTEGJ,M,0,No,Yes,29,Yes,FIBER OPTIC,No,Yes,No,One year,Credit card (automatic),100.55,2830.45,No
3935-TBRZZ,M,0,Yes,Yes,44,Yes,NO,No internet service,No internet service,No internet service,One year,Mailed check,25.7,1110.5,No
8111-BKVDS,F,0,No,No,10,Yes,DSL,Yes,No,No,Month-to-month,Bank transfer (automatic),40.7,449.3,No
2055-SIFSS,F,1,Yes,No,55,Yes,DSL,No,No,No,Month-to-month,Bank transfer (automatic),51.65,2838.55,No
2806-MLNTI,M,1,Yes,No,52,Yes,FIBER OPTIC,No,No,Yes,One year,Bank transfer (automatic),105.1,5376.4,No
8734-DKSTZ,F,0,Yes,Yes,10,Yes,FIBER OPTIC,No,No,No,Month-to-month,Electronic check,85.95,858.6,No
4360-PNRQB,M,0,No,No,18,Yes,FIBER OPTIC,No,No,No,Month-to-month,Bank transfer (automatic),75.6,1395.05,No
6152-ONASV,F,0,Yes,No,68,Yes,DSL,Yes,Yes,No,One year,Bank transfer (automatic),58.25,3975.7,No
9063-ZGTUY,F,0,Yes,Yes,61,Yes,NO,No internet service,No internet service,No internet service,Month-to-month,Mailed check,19.4,1182.55,Yes
7781-HVGMK,F,0,Yes,Yes,72,Yes,DSL,Yes,Yes,Yes,Two year,Credit card (automatic),65.2,4784.45,No
2181-UAESM,M,0,No,No,2,Yes,DSL,Yes,No,No,Month-to-month,Electronic check,53.45,119.5,No
2957-LOLHO,M,0,No,No,12,Yes,DSL,No,No,No,Month-to-month,Bank transfer (automatic),45.4,518.9,Yes
6048-NJXHX,M,0,Yes,No,41,Yes,NO,No internet service,No internet service,No internet service,Two year,Electronic check,19.75,899.45,No
2320-SLKMB,F,0,No,No,26,Yes,DSL,No,Yes,Yes,Month-to-month,Credit card (automatic),44.45,1183.8,No
4980-URKXC,M,0,Yes,No,36,Yes,NO,No internet service,No internet service,No internet service,One year,Bank transfer (automatic),20.85,720.05,No
4376-KFVRS,M,0,Yes,Yes,72,Yes,FIBER OPTIC,Yes,Yes,Yes,Two year,Credit card (automatic),114.05,8468.2,No
5886-VLQVU,M,0,Yes,No,35,Yes,FIBER OPTIC,No,Yes,No,Month-to-month,Bank transfer (automatic),89.85,3161.2,No
3577-AMVUX,M,0,No,No,1,Yes,DSL,No,Yes,No,Month-to-month,Mailed check,55.05,55.05,No
0771-WLCLA,F,0,Yes,Yes,16,Yes,FIBER OPTIC,Yes,Yes,Yes,Month-to-month,Electronic check,112.95,1882.55,No
5628-RKIFK,F,1,No,No,49,Yes,FIBER OPTIC,Yes,No,Yes,Month-to-month,Credit card (automatic),101.55,5070.4,No
0206-TBWLC,F,0,Yes,No,54,Yes,FIBER OPTIC,Yes,Yes,Yes,One year,Mailed check,114.65,6049.5,No
2937-FTHUR,F,0,No,Yes,18,Yes,DSL,Yes,No,No,Month-to-month,Electronic check,64.8,1166.7,No
1910-FMXJM,F,0,Yes,No,36,Yes,FIBER OPTIC,No,No,No,Month-to-month,Electronic check,80.4,2937.65,No
7752-XUSCI,F,0,No,No,60,Yes,FIBER OPTIC,No,No,Yes,Month-to-month,Electronic check,105.9,6396.45,Yes
4110-PFEUZ,F,0,No,No,1,Yes,FIBER OPTIC,No,No,No,Month-to-month,Mailed check,69.55,69.55,Yes
0732-OCQOC,F,0,Yes,Yes,52,Yes,NO,No internet service,No internet service,No internet service,Two year,Bank transfer (automatic),25.05,1270.25,No
5168-MSWXT,M,0,Yes,Yes,8,Yes,FIBER OPTIC,No,No,Yes,Month-to-month,Electronic check,94.75,759.55,No
1090-ESELR,M,0,Yes,Yes,72,Yes,FIBER OPTIC,Yes,Yes,Yes,Two year,Bank transfer (automatic),105.5,7611.55,No
8592-PLTMQ,F,0,No,No,64,Yes,NO,No internet service,No internet service,No internet service,One year,Mailed check,24.7,1642.75,No
5760-WRAHC,F,1,No,No,22,Yes,DSL,Yes,Yes,No,Month-to-month,Mailed check,69.75,1545.4,No
8847-GEOOQ,M,0,Yes,No,60,Yes,DSL,No,Yes,Yes,Month-to-month,Bank transfer (automatic),60.2,3582.4,No
0256-LTHVJ,F,0,Yes,Yes,28,Yes,FIBER OPTIC,No,No,No,Month-to-month,Electronic check,81.05,2227.1,Yes
4785-FCIFB,F,0,Yes,No,61,Yes,NO,No internet service,No internet service,No internet service,Two year,Mailed check,24.4,1417.9,No
8313-NDOIA,F,0,No,No,24,Yes,FIBER OPTIC,No,No,Yes,Month-to-month,Electronic check,104.15,2494.65,No
5149-CUZUJ,M,0,Yes,Yes,28,Yes,FIBER OPTIC,No,Yes,Yes,One year,Bank transfer (automatic),92.9,2768.35,No
0942-KOWSM,F,0,Yes,Yes,30,Yes,DSL,No,Yes,Yes,Two year,Bank transfer (automatic),80.8,2369.3,No
4237-CLSMM,M,0,Yes,No,2,Yes,NO,No internet service,No internet service,No internet service,Month-to-month,Mailed check,20.0,38.0,No
1452-VOQCH,M,0,No,No,1,Yes,FIBER OPTIC,No,No,No,Month-to-month,Electronic check,75.1,75.1,No
4719-UMSIY,M,0,No,Yes,6,Yes,NO,No internet service,No internet service,No internet service,Month-to-month,Mailed check,19.65,100.9,No
6614-VBEGU,F,0,Yes,No,24,Yes,DSL,No,No,Yes,Month-to-month,Bank transfer (automatic),69.45,1614.05,No
0880-TKATG,M,0,Yes,Yes,4,Yes,FIBER OPTIC,No,No,Yes,Month-to-month,Electronic check,101.15,385.9,Yes
3811-VBYBZ,M,0,No,No,7,Yes,FIBER OPTIC,No,No,Yes,Month-to-month,Electronic check,99.8,673.25,Yes
1480-BKXGA,M,1,Yes,No,72,Yes,FIBER OPTIC,Yes,Yes,Yes,Two year,Bank transfer (automatic),116.05,8404.9,No
2996-XAUVF,M,0,No,No,70,Yes,DSL,No,Yes,No,Two year,Mailed check,40.05,2799.75,No
9076-AXYIK,M,1,Yes,No,64,Yes,FIBER OPTIC,No,Yes,Yes,Two year,Electronic check,102.1,6538.45,No
5968-XQIVE,M,0,Yes,Yes,72,Yes,FIBER OPTIC,No,No,Yes,One year,Electronic check,89.7,6588.95,No
8896-RAZCR,F,0,No,Yes,44,Yes,NO,No internet service,No internet service,No internet service,Two year,Mailed check,19.9,868.1,No
4640-UHDOS,F,0,Yes,Yes,13,Yes,DSL,No,No,No,Month-to-month,Electronic check,55.95,734.35,Yes
4933-IKULF,F,1,No,No,17,Yes,NO,No internet service,No internet service,No internet service,One year,Mailed check,20.65,330.6,No
3583-EKAPL,M,0,No,No,1,Yes,DSL,No,No,No,Month-to-month,Electronic check,55.0,55.0,Yes
1304-BCCFO,M,0,Yes,No,9,Yes,DSL,No,No,Yes,Month-to-month,Mailed check,70.05,564.4,No
4104-PVRPS,M,0,Yes,No,24,Yes,DSL,Yes,Yes,No,Month-to-month,Mailed check,53.6,1315.35,No
9399-APLBT,F,0,Yes,Yes,1,Yes,FIBER OPTIC,No,No,No,Month-to-month,Electronic check,74.7,74.7,Yes
2359-KMGLI,M,0,No,No,24,Yes,FIBER OPTIC,No,No,No,Month-to-month,Electronic check,80.25,1861.5,Yes
3780-DDGSE,M,1,Yes,Yes,35,Yes,DSL,No,Yes,Yes,Month-to-month,Electronic check,76.05,2747.2,No
4431-EDMIQ,F,0,Yes,Yes,7,Yes,DSL,Yes,Yes,Yes,Month-to-month,Electronic check,75.7,554.05,No
0306-JAELE,M,0,No,No,5,Yes,FIBER OPTIC,No,Yes,Yes,Month-to-month,Electronic check,96.1,453.4,Yes
6227-HWPWX,F,0,No,Yes,15,Yes,FIBER OPTIC,No,No,No,Month-to-month,Bank transfer (automatic),69.0,994.8,Yes
0486-LGCCH,M,0,Yes,Yes,11,Yes,NO,No internet service,No internet service,No internet service,Two year,Mailed check,19.65,225.75,No
0447-BEMNG,F,0,Yes,No,48,Yes,DSL,Yes,No,No,Month-to-month,Bank transfer (automatic),45.3,2145.0,Yes
4612-SSVHJ,F,1,No,No,20,Yes,FIBER OPTIC,No,No,No,Month-to-month,Electronic check,81.45,1671.6,No
5168-MQQCA,F,0,Yes,No,72,Yes,FIBER OPTIC,No,Yes,Yes,One year,Bank transfer (automatic),108.5,8003.8,No
5949-XIKAE,F,0,Yes,Yes,8,Yes,FIBER OPTIC,No,No,Yes,Month-to-month,Electronic check,83.55,680.05,Yes
7971-HLVXI,M,0,Yes,Yes,72,Yes,FIBER OPTIC,No,No,No,Two year,Credit card (automatic),84.5,6130.85,No
9094-AZPHK,F,0,No,No,15,Yes,FIBER OPTIC,No,No,Yes,Month-to-month,Electronic check,100.15,1415.0,No
3649-JPUGY,M,0,No,No,72,Yes,DSL,No,Yes,Yes,Two year,Bank transfer (automatic),88.6,6201.95,No
4472-LVYGI,F,0,Yes,Yes,0,Yes,DSL,Yes,Yes,Yes,Two year,Bank transfer (automatic),52.55,52.55,No
8372-JUXUI,M,0,No,Yes,1,Yes,FIBER OPTIC,No,No,No,Month-to-month,Electronic check,74.35,20.25,Yes
3552-CTCYF,M,0,Yes,Yes,63,Yes,FIBER OPTIC,No,No,Yes,Two year,Bank transfer (automatic),104.8,80.85,No
6778-YSNIH,F,0,No,No,2,Yes,DSL,No,No,Yes,Month-to-month,Electronic check,59.0,25.75,No
0388-EOPEX,F,0,Yes,No,2,Yes,FIBER OPTIC,Yes,No,No,Month-to-month,Electronic check,74.4,56.05,Yes
5756-OZRIO,M,1,Yes,No,61,Yes,DSL,No,No,No,One year,Bank transfer (automatic),64.05,3902.6,No
6579-JPICP,M,0,No,No,1,Yes,NO,No internet service,No internet service,No internet service,Month-to-month,Mailed check,20.4,20.4,No
8205-OTCHB,M,0,No,No,22,Yes,DSL,No,No,No,One year,Bank transfer (automatic),43.75,903.6,Yes
4134-BSXLX,M,0,Yes,No,28,Yes,DSL,Yes,Yes,No,Month-to-month,Mailed check,60.9,1785.65,No
0505-SPOOW,F,0,Yes,No,70,Yes,NO,No internet service,No internet service,No internet service,Two year,Bank transfer (automatic),19.8,1397.65,No
6235-VDHOM,F,1,No,No,5,Yes,DSL,No,No,No,Month-to-month,Electronic check,28.45,131.05,Yes
7783-YKGDV,F,0,No,No,12,Yes,FIBER OPTIC,Yes,No,No,Month-to-month,Bank transfer (automatic),99.7,1238.45,Yes
4374-YMUSQ,M,0,No,No,34,Yes,FIBER OPTIC,Yes,Yes,Yes,One year,Credit card (automatic),116.25,3899.05,No
4513-CXYIX,F,1,Yes,No,71,Yes,FIBER OPTIC,Yes,No,No,Two year,Credit card (automatic),80.7,5676.0,No
3957-HHLMR,F,0,Yes,Yes,70,Yes,DSL,Yes,No,No,One year,Bank transfer (automatic),65.2,4543.15,No
7803-XOCCZ,F,0,Yes,Yes,52,Yes,FIBER OPTIC,Yes,Yes,No,Month-to-month,Bank transfer (automatic),84.05,4326.8,No
5736-YEJAX,M,0,No,Yes,69,Yes,DSL,Yes,Yes,Yes,Two year,Credit card (automatic),79.45,5502.55,No
5609-CEBID,F,1,No,No,20,Yes,FIBER OPTIC,No,No,No,Month-to-month,Electronic check,94.1,1782.4,Yes
8981-FJGLA,M,0,No,Yes,11,Yes,FIBER OPTIC,No,No,No,Month-to-month,Mailed check,78.0,851.8,No
7218-HKQFK,M,0,Yes,No,2,Yes,FIBER OPTIC,No,Yes,Yes,Month-to-month,Electronic check,94.2,167.5,Yes
4636-QRJKY,F,0,Yes,Yes,6,Yes,FIBER OPTIC,No,Yes,No,Month-to-month,Electronic check,80.5,502.85,Yes
1135-LMECX,F,0,No,No,1,Yes,NO,No internet service,No internet service,No internet service,Month-to-month,Mailed check,19.85,19.85,No
4332-MUOEZ,M,1,Yes,Yes,20,Yes,FIBER OPTIC,Yes,Yes,No,One year,Credit card (automatic),94.3,1818.3,No
8535-SFUTN,M,0,No,No,61,Yes,FIBER OPTIC,Yes,No,Yes,Month-to-month,Electronic check,106.45,6300.15,No
5956-VKDTT,F,1,Yes,No,5,Yes,FIBER OPTIC,No,No,No,Month-to-month,Electronic check,74.35,334.8,Yes
8677-HDZEE,F,0,No,No,56,Yes,FIBER OPTIC,No,Yes,Yes,Month-to-month,Bank transfer (automatic),105.45,5916.95,No
2475-MROZF,M,0,No,No,30,Yes,FIBER OPTIC,Yes,Yes,No,Month-to-month,Credit card (automatic),95.0,2852.4,No
9412-GHEEC,M,0,No,No,40,Yes,FIBER OPTIC,No,Yes,Yes,Month-to-month,Bank transfer (automatic),104.8,4131.95,Yes
3482-ABPKK,F,0,No,No,28,Yes,DSL,Yes,Yes,No,One year,Mailed check,54.3,1546.3,No
6705-LXORM,F,1,Yes,No,5,Yes,FIBER OPTIC,No,No,No,Month-to-month,Electronic check,70.05,302.6,No
0257-ZESQC,F,1,Yes,No,27,Yes,FIBER OPTIC,Yes,No,No,Month-to-month,Bank transfer (automatic),75.2,1929.35,Yes
7531-GQHME,M,0,No,No,12,Yes,NO,No internet service,No internet service,No internet service,Month-to-month,Credit card (automatic),20.05,265.45,No
5174-ITUMV,M,0,Yes,Yes,67,Yes,FIBER OPTIC,No,No,Yes,One year,Electronic check,105.4,6989.45,No
4109-CYRBD,M,1,Yes,No,29,Yes,DSL,No,No,No,Month-to-month,Electronic check,51.6,1442.0,No
0913-XWSCN,M,0,Yes,Yes,55,Yes,FIBER OPTIC,No,No,No,Month-to-month,Bank transfer (automatic),85.5,4713.4,No
6825-UYPFK,F,0,No,No,23,Yes,FIBER OPTIC,No,No,No,Month-to-month,Bank transfer (automatic),75.6,1758.6,Yes
8397-MVTAZ,M,0,Yes,No,34,Yes,FIBER OPTIC,No,No,Yes,Month-to-month,Electronic check,100.05,3480.0,Yes
0750-EBAIU,M,0,No,No,52,Yes,FIBER OPTIC,Yes,No,Yes,One year,Electronic check,91.25,4738.3,No
8606-CIQUL,M,1,Yes,Yes,72,Yes,FIBER OPTIC,Yes,Yes,Yes,Two year,Credit card (automatic),115.75,8399.15,No
3571-DPYUH,M,0,Yes,Yes,58,Yes,FIBER OPTIC,No,Yes,Yes,One year,Credit card (automatic),94.7,5430.35,No
7601-GNDYK,M,0,Yes,Yes,35,Yes,NO,No internet service,No internet service,No internet service,Two year,Mailed check,19.6,686.95,No
0356-OBMAC,F,1,No,No,56,Yes,FIBER OPTIC,No,Yes,Yes,Two year,Bank transfer (automatic),99.9,5706.3,No
8067-NIOYM,F,0,Yes,Yes,24,Yes,NO,No internet service,No internet service,No internet service,Two year,Credit card (automatic),21.1,490.65,No
1403-GYAFU,M,0,Yes,Yes,70,Yes,NO,No internet service,No internet service,No internet service,Two year,Credit card (automatic),20.05,1360.25,No
4234-XTNEA,M,0,No,No,2,Yes,FIBER OPTIC,No,No,Yes,Month-to-month,Electronic check,79.95,174.45,No
1297-VQDRP,M,1,Yes,Yes,68,Yes,FIBER OPTIC,No,Yes,Yes,One year,Credit card (automatic),107.15,7379.8,No
9282-IZGQK,F,0,No,No,1,Yes,FIBER OPTIC,No,No,No,Month-to-month,Electronic check,85.0,85.0,Yes
5348-CAGXB,M,0,No,No,12,Yes,FIBER OPTIC,No,No,Yes,Month-to-month,Electronic check,89.55,1021.75,No
0621-HJWXJ,F,0,Yes,No,63,Yes,FIBER OPTIC,No,No,No,Month-to-month,Bank transfer (automatic),81.55,5029.05,No
5844-QVTAT,F,0,Yes,Yes,33,Yes,DSL,Yes,No,No,One year,Mailed check,58.45,1955.4,No
8905-IAZPF,F,0,Yes,No,69,Yes,FIBER OPTIC,No,No,Yes,One year,Credit card (automatic),95.65,6744.2,No
5394-MEITZ,F,0,Yes,Yes,60,Yes,DSL,No,Yes,Yes,Two year,Bank transfer (automatic),80.6,4946.7,No
6859-QNXIQ,F,0,Yes,Yes,72,Yes,FIBER OPTIC,Yes,Yes,Yes,Two year,Bank transfer (automatic),113.1,8248.5,No
2782-LFZVW,F,0,No,No,11,Yes,DSL,No,No,No,Month-to-month,Mailed check,58.95,601.6,No
2866-IKBTM,F,0,No,No,1,Yes,NO,No internet service,No internet service,No internet service,Month-to-month,Mailed check,19.55,19.55,No
1342-JPNKI,M,0,No,No,10,Yes,FIBER OPTIC,No,No,Yes,Month-to-month,Bank transfer (automatic),86.05,834.1,Yes
2817-NTQDO,M,0,No,No,13,Yes,DSL,Yes,Yes,Yes,Month-to-month,Credit card (automatic),45.55,597.0,Yes
7129-AZJDE,M,0,Yes,Yes,34,Yes,FIBER OPTIC,No,No,No,One year,Bank transfer (automatic),78.95,2647.2,No
6986-IJDHX,M,0,Yes,Yes,39,Yes,FIBER OPTIC,No,No,Yes,Month-to-month,Mailed check,86.3,3266.0,Yes
2560-PPCHE,F,0,No,No,65,Yes,FIBER OPTIC,No,Yes,Yes,One year,Bank transfer (automatic),105.05,6744.25,No
4676-MQUEA,M,1,Yes,No,50,Yes,FIBER OPTIC,Yes,No,Yes,One year,Bank transfer (automatic),101.9,5265.5,No
8138-EALND,M,0,No,No,15,Yes,NO,No internet service,No internet service,No internet service,Month-to-month,Mailed check,19.75,311.6,No
3580-HYCSP,M,0,Yes,Yes,72,Yes,FIBER OPTIC,Yes,No,Yes,Two year,Bank transfer (automatic),110.3,7966.9,No
1352-HNSAW,F,0,Yes,Yes,72,Yes,FIBER OPTIC,Yes,Yes,Yes,Two year,Bank transfer (automatic),115.6,8220.4,No
2075-PUEPR,M,0,Yes,Yes,55,Yes,NO,No internet service,No internet service,No internet service,Two year,Bank transfer (automatic),19.35,1153.25,No
1982-FEBTD,F,0,Yes,Yes,23,Yes,NO,No internet service,No internet service,No internet service,Two year,Credit card (automatic),25.6,514.75,No
5301-GAUUY,M,0,No,No,32,Yes,FIBER OPTIC,No,No,No,Month-to-month,Bank transfer (automatic),80.35,2596.15,Yes
5791-KAJFD,F,0,Yes,Yes,56,Yes,DSL,Yes,No,No,One year,Bank transfer (automatic),68.75,3808.0,No
2654-VBVPB,F,0,No,No,1,Yes,NO,No internet service,No internet service,No internet service,Month-to-month,Bank transfer (automatic),19.9,19.9,No
1154-HYWWO,M,0,No,No,38,Yes,DSL,Yes,Yes,Yes,One year,Mailed check,70.6,2708.2,No
2501-XWWTZ,M,0,No,No,11,Yes,FIBER OPTIC,No,No,No,Month-to-month,Electronic check,70.2,760.05,No
3716-UVSPD,M,0,No,No,1,Yes,DSL,No,Yes,No,Month-to-month,Electronic check,49.3,49.3,No
6815-ABQFQ,M,0,Yes,No,56,Yes,FIBER OPTIC,No,Yes,Yes,One year,Electronic check,107.25,6033.3,No
7343-EOBEU,M,0,Yes,No,3,Yes,NO,No internet service,No internet service,No internet service,Month-to-month,Mailed check,23.6,89.05,No
3701-SFMUH,M,0,Yes,Yes,7,Yes,DSL,Yes,No,Yes,Month-to-month,Credit card (automatic),69.7,516.15,No
6103-LIANB,M,0,Yes,Yes,59,Yes,FIBER OPTIC,No,No,Yes,Two year,Credit card (automatic),99.5,5861.75,No
7319-VENRZ,M,0,No,No,7,Yes,DSL,No,Yes,Yes,Month-to-month,Bank transfer (automatic),64.3,445.95,No
5846-NEQVZ,M,0,Yes,Yes,71,Yes,DSL,Yes,Yes,No,Two year,Credit card (automatic),70.85,4973.4,No
6967-QIQRV,M,0,Yes,Yes,15,Yes,FIBER OPTIC,Yes,Yes,Yes,One year,Electronic check,101.9,1667.25,No
5781-RFZRP,M,0,Yes,No,71,Yes,DSL,Yes,Yes,Yes,Two year,Credit card (automatic),73.5,5357.75,No
0939-YAPAF,F,0,No,No,35,Yes,FIBER OPTIC,No,No,Yes,Month-to-month,Electronic check,100.25,3527.6,Yes
0308-IVGOK,F,0,No,No,11,Yes,DSL,No,Yes,No,One year,Credit card (automatic),40.4,422.6,No
7293-LSCDV,F,0,Yes,Yes,60,Yes,NO,No internet service,No internet service,No internet service,Two year,Credit card (automatic),19.25,1103.25,No
7025-WCBNE,M,1,No,No,47,Yes,DSL,No,Yes,No,Two year,Bank transfer (automatic),59.6,2754.0,No
5756-JYOJT,F,0,No,No,11,Yes,DSL,No,Yes,No,One year,Credit card (automatic),64.9,697.25,No
4710-FDUIZ,M,0,Yes,No,56,Yes,FIBER OPTIC,No,No,Yes,One year,Credit card (automatic),100.3,5614.45,Yes
6030-REHUX,F,1,Yes,No,28,Yes,FIBER OPTIC,No,Yes,Yes,Month-to-month,Electronic check,110.85,3204.4,No
9548-LIGTA,M,0,Yes,No,61,Yes,DSL,Yes,Yes,Yes,Two year,Mailed check,81.05,4747.65,No
5150-LJNSR,M,0,Yes,Yes,31,Yes,FIBER OPTIC,Yes,No,Yes,One year,Bank transfer (automatic),98.05,3082.1,No
8270-RKSAP,M,0,No,No,9,Yes,FIBER OPTIC,No,No,No,Month-to-month,Electronic check,70.5,597.9,No
6522-YRBXD,M,1,Yes,No,35,Yes,FIBER OPTIC,Yes,No,No,Month-to-month,Electronic check,94.55,3365.4,No
2640-LYMOV,M,0,No,No,2,Yes,NO,No internet service,No internet service,No internet service,Month-to-month,Mailed check,19.65,38.8,No
1218-VKFPE,F,0,Yes,Yes,12,Yes,NO,No internet service,No internet service,No internet service,Month-to-month,Mailed check,19.0,233.55,Yes
3627-FHKBK,F,0,No,No,1,Yes,FIBER OPTIC,Yes,No,No,Month-to-month,Mailed check,75.3,75.3,Yes
2865-TCHJW,F,1,No,No,4,Yes,FIBER OPTIC,No,No,Yes,Month-to-month,Electronic check,89.2,346.2,Yes
1423-BMPBQ,F,0,Yes,Yes,1,Yes,NO,No internet service,No internet service,No internet service,Month-to-month,Mailed check,19.0,19.0,No
2393-DIVAI,F,0,No,No,3,Yes,NO,No internet service,No internet service,No internet service,Month-to-month,Mailed check,20.0,61.7,No
5192-EBGOV,F,1,No,No,1,Yes,FIBER OPTIC,No,No,Yes,Month-to-month,Electronic check,85.7,85.7,Yes
4568-KNYWR,M,0,No,No,52,Yes,DSL,Yes,No,Yes,Two year,Credit card (automatic),63.25,3342.45,No
8752-IMQOS,M,0,Yes,Yes,5,Yes,NO,No internet service,No internet service,No internet service,One year,Mailed check,20.1,85.1,No
0742-LAFQK,M,0,Yes,No,72,Yes,FIBER OPTIC,Yes,No,No,Two year,Electronic check,99.15,7422.1,No
0795-LAFGP,M,0,Yes,Yes,71,Yes,DSL,Yes,Yes,Yes,Two year,Electronic check,90.4,6668.05,No
0619-OLYUR,M,0,Yes,No,72,Yes,FIBER OPTIC,Yes,Yes,Yes,Two year,Credit card (automatic),111.9,8071.05,No
5512-IDZEI,M,0,Yes,Yes,46,Yes,NO,No internet service,No internet service,No internet service,One year,Electronic check,24.9,1174.8,No
0459-SPZHJ,M,0,Yes,Yes,63,Yes,DSL,Yes,No,Yes,Two year,Credit card (automatic),83.5,5435.0,No
0215-BQKGS,M,0,No,No,30,Yes,FIBER OPTIC,Yes,No,No,Month-to-month,Credit card (automatic),84.3,2438.6,No
9244-ZVAPM,M,0,No,No,1,Yes,DSL,No,No,No,Month-to-month,Mailed check,45.6,45.6,No
0719-SYFRB,F,0,No,No,12,Yes,DSL,Yes,Yes,No,Month-to-month,Mailed check,61.65,713.75,Yes
8208-EUMTE,M,0,No,No,16,Yes,DSL,Yes,Yes,Yes,Two year,Mailed check,54.85,916.15,No
5172-MIGPM,M,0,No,No,4,Yes,DSL,No,Yes,No,Month-to-month,Mailed check,65.55,237.2,No
1710-RCXUS,M,0,Yes,No,51,Yes,FIBER OPTIC,No,No,No,One year,Credit card (automatic),90.35,4614.55,No
0374-FIUCA,M,0,Yes,No,65,Yes,NO,No internet service,No internet service,No internet service,Two year,Credit card (automatic),20.4,1414.45,No
5839-SUYVZ,M,0,No,No,16,Yes,FIBER OPTIC,No,Yes,No,Month-to-month,Credit card (automatic),74.55,1170.5,No
5173-ZXXXL,M,0,No,No,2,Yes,NO,No internet service,No internet service,No internet service,One year,Mailed check,19.95,47.7,No
1096-ADRUX,F,0,Yes,Yes,66,Yes,FIBER OPTIC,No,No,No,One year,Bank transfer (automatic),74.25,4859.25,No
2001-MCUUW,M,0,No,No,46,Yes,FIBER OPTIC,No,Yes,Yes,Two year,Electronic check,108.65,4903.2,No
2731-GJRDG,F,0,No,No,32,Yes,FIBER OPTIC,Yes,Yes,Yes,One year,Bank transfer (automatic),109.55,3608.0,No
4723-BEGSG,M,0,Yes,No,72,Yes,DSL,Yes,Yes,Yes,Two year,Credit card (automatic),86.65,6094.25,No
6516-NKQBO,M,0,Yes,Yes,38,Yes,DSL,Yes,Yes,Yes,Two year,Credit card (automatic),81.0,3084.9,No
8672-OAUPW,M,0,No,Yes,51,Yes,DSL,No,Yes,No,One year,Credit card (automatic),47.85,2356.75,No
8207-DMRVL,M,0,Yes,Yes,72,Yes,FIBER OPTIC,Yes,Yes,Yes,Two year,Bank transfer (automatic),114.55,8306.05,No
3419-SNJJD,F,1,Yes,No,65,Yes,FIBER OPTIC,Yes,No,Yes,Month-to-month,Bank transfer (automatic),105.25,6786.4,Yes
6543-CPZMK,M,0,Yes,Yes,9,Yes,DSL,No,No,No,Month-to-month,Electronic check,29.95,248.95,Yes
4765-OXPPD,F,0,Yes,Yes,9,Yes,DSL,Yes,Yes,No,Month-to-month,Mailed check,65.0,663.05,Yes
2804-ETQDK,M,0,No,Yes,66,Yes,NO,No internet service,No internet service,No internet service,Two year,Mailed check,20.55,1357.1,No
6689-VRRTK,F,1,No,No,44,Yes,FIBER OPTIC,Yes,No,Yes,One year,Credit card (automatic),109.8,4860.35,No
7138-GIRSH,M,0,No,No,50,Yes,DSL,No,Yes,No,Two year,Bank transfer (automatic),69.5,3418.2,No
9396-ZSFLL,F,0,No,No,15,Yes,DSL,No,No,No,Month-to-month,Mailed check,48.85,631.4,No
6464-KEXXH,M,0,No,No,8,Yes,DSL,No,No,No,Month-to-month,Credit card (automatic),65.61,186.3,No
7134-MJPDY,F,1,No,No,66,Yes,FIBER OPTIC,No,Yes,Yes,One year,Credit card (automatic),65.61,6976.75,No
5240-CAOYT,F,0,No,No,57,Yes,FIBER OPTIC,Yes,Yes,No,Month-to-month,Bank transfer (automatic),65.61,4884.85,No
4059-IIEBK,F,0,No,No,7,Yes,FIBER OPTIC,No,No,No,Month-to-month,Bank transfer (automatic),65.61,522.95,No
4881-JVQOD,M,1,Yes,Yes,10,Yes,DSL,No,No,No,Month-to-month,Bank transfer (automatic),65.61,362.6,No
0516-UXRMT,F,0,No,No,62,Yes,FIBER OPTIC,Yes,No,No,One year,Electronic check,65.61,5755.8,No
4851-BQDNX,M,0,Yes,Yes,40,Yes,FIBER OPTIC,No,No,Yes,One year,Electronic check,65.61,3355.65,No
5148-HKFIR,F,0,No,No,20,Yes,NO,No internet service,No internet service,No internet service,Two year,Mailed check,65.61,406.95,No
1009-IRMNA,F,0,No,No,7,Yes,NO,No internet service,No internet service,No internet service,Month-to-month,Bank transfer (automatic),65.61,137.6,Yes
3003-CMDUU,F,0,Yes,No,25,Yes,FIBER OPTIC,No,Yes,Yes,Month-to-month,Electronic check,65.61,2395.7,No
5016-IBERQ,M,0,Yes,No,23,Yes,FIBER OPTIC,No,No,No,Month-to-month,Electronic check,65.61,1968.1,No
6797-UCJHZ,F,1,Yes,No,66,Yes,FIBER OPTIC,No,No,Yes,One year,Credit card (automatic),65.61,6819.45,No
2469-DTSGX,F,1,No,No,72,Yes,FIBER OPTIC,No,Yes,Yes,Two year,Electronic check,65.61,7943.45,No
4554-YGZIH,M,1,Yes,No,49,Yes,FIBER OPTIC,No,No,No,Month-to-month,Credit card (automatic),65.61,4547.25,Yes
5099-BAILX,M,1,Yes,Yes,43,Yes,FIBER OPTIC,No,Yes,Yes,Month-to-month,Bank transfer (automatic),65.61,4687.9,Yes
9931-KGHOA,F,0,Yes,No,46,Yes,DSL,Yes,No,No,Month-to-month,Bank transfer (automatic),65.61,2473.95,No
1775-KWJKQ,M,0,Yes,Yes,72,Yes,DSL,Yes,Yes,Yes,Two year,Credit card (automatic),65.61,6562.9,No
7665-VIGUD,M,0,No,No,10,Yes,NO,No internet service,No internet service,No internet service,One year,Mailed check,65.61,176.3,No
9411-TPQQV,F,0,No,No,40,Yes,DSL,Yes,Yes,Yes,One year,Bank transfer (automatic),65.61,2236.2,No
7207-RMRDB,F,0,Yes,Yes,65,Yes,FIBER OPTIC,No,No,Yes,Month-to-month,Electronic check,65.61,6985.65,Yes
7954-MLBUN,M,0,No,No,31,Yes,FIBER OPTIC,No,Yes,Yes,Two year,Bank transfer (automatic),99.45,3109.9,No
2077-DDHJK,F,0,Yes,No,68,Yes,DSL,Yes,Yes,No,Two year,Credit card (automatic),70.9,4911.35,No
4913-EHYUI,M,1,Yes,Yes,56,Yes,FIBER OPTIC,Yes,No,Yes,One year,Bank transfer (automatic),104.55,5794.65,Yes
0195-IESCP,M,0,Yes,No,10,Yes,FIBER OPTIC,No,No,No,Month-to-month,Electronic check,85.25,855.3,Yes
9574-BOSMD,M,0,Yes,Yes,68,Yes,NO,No internet service,No internet service,No internet service,Two year,Bank transfer (automatic),25.4,1620.2,No
4580-TMHJU,F,0,Yes,Yes,43,Yes,DSL,No,No,Yes,Month-to-month,Electronic check,56.15,2499.3,Yes
0970-ETWGE,M,0,No,No,1,Yes,FIBER OPTIC,No,No,Yes,Month-to-month,Electronic check,89.55,89.55,Yes
4908-XAXAY,F,1,No,No,49,Yes,FIBER OPTIC,No,No,No,One year,Bank transfer (automatic),89.85,4287.2,No
8404-VLQFB,F,0,Yes,Yes,15,Yes,NO,No internet service,No internet service,No internet service,Month-to-month,Electronic check,25.25,394.85,No
1626-ERCMM,M,1,Yes,No,20,Yes,FIBER OPTIC,No,No,Yes,Month-to-month,Electronic check,94.55,1899.65,Yes
0887-HJGAR,M,0,No,No,1,Yes,DSL,No,No,No,Month-to-month,Mailed check,45.7,45.7,Yes
2391-IPLOP,M,0,Yes,Yes,50,Yes,DSL,No,Yes,Yes,One year,Electronic check,69.65,3442.15,No
5644-PDMZC,F,1,No,No,2,Yes,FIBER OPTIC,No,No,No,Month-to-month,Electronic check,89.5,161.5,Yes
3509-GWQGF,M,1,No,No,24,Yes,FIBER OPTIC,No,No,No,Month-to-month,Credit card (automatic),70.0,1732.6,No
9576-ANLXO,F,0,No,No,3,Yes,FIBER OPTIC,No,No,No,Month-to-month,Bank transfer (automatic),69.55,222.3,Yes
2024-BASKD,F,0,No,No,1,Yes,FIBER OPTIC,No,No,No,Month-to-month,Mailed check,74.6,74.6,Yes
5845-BZZIB,M,0,Yes,Yes,35,Yes,NO,No internet service,No internet service,No internet service,Two year,Mailed check,20.1,655.3,No
1140-UKVZG,F,0,No,No,17,Yes,NO,No internet service,No internet service,No internet service,Month-to-month,Mailed check,24.8,475.25,No
4160-AMJTL,F,1,No,No,8,Yes,NO,No internet service,No internet service,No internet service,Month-to-month,Electronic check,19.65,164.3,Yes
5183-SNMJQ,M,0,No,No,10,Yes,FIBER OPTIC,No,Yes,Yes,Month-to-month,Credit card (automatic),95.1,865.1,No
8100-PNJMH,M,0,Yes,Yes,68,Yes,DSL,Yes,Yes,Yes,Two year,Credit card (automatic),88.85,6132.7,No
7838-LAZFO,M,0,Yes,No,45,Yes,DSL,Yes,No,Yes,One year,Bank transfer (automatic),78.8,3597.5,No
4464-JCOLN,M,0,Yes,Yes,2,Yes,NO,No internet service,No internet service,No internet service,One year,Mailed check,19.85,35.9,Yes
2085-JVGAD,M,0,Yes,No,37,Yes,NO,No internet service,No internet service,No internet service,Month-to-month,Bank transfer (automatic),20.35,697.65,No
5650-VDUDS,F,0,No,No,4,Yes,DSL,No,No,No,Month-to-month,Mailed check,24.25,96.05,Yes
8095-WANWK,F,0,No,No,10,Yes,DSL,No,No,No,Month-to-month,Mailed check,45.25,428.7,No
3030-ZKIWL,M,0,No,No,1,Yes,NO,No internet service,No internet service,No internet service,Month-to-month,Mailed check,20.05,20.05,No
9565-FLVCG,M,0,Yes,Yes,65,Yes,DSL,Yes,No,No,Two year,Mailed check,69.55,4459.15,No
8755-OGKNA,F,0,Yes,Yes,57,Yes,NO,No internet service,No internet service,No internet service,Two year,Bank transfer (automatic),19.5,1167.6,No
2800-VEQXM,F,0,No,No,3,Yes,FIBER OPTIC,No,No,No,Month-to-month,Mailed check,74.75,238.1,No
7538-GWHML,F,0,No,No,2,Yes,FIBER OPTIC,No,No,No,Month-to-month,Electronic check,69.65,145.15,Yes
5533-RJFTJ,M,0,No,No,49,Yes,DSL,No,No,No,Month-to-month,Bank transfer (automatic),30.2,1453.1,No
3859-CVCET,F,0,No,No,4,Yes,DSL,No,No,No,Month-to-month,Mailed check,45.65,191.05,Yes
0214-JHPFW,F,0,Yes,No,70,Yes,DSL,No,Yes,Yes,Two year,Bank transfer (automatic),57.8,4039.3,No
5642-MHDQT,F,0,Yes,Yes,53,Yes,NO,No internet service,No internet service,No internet service,One year,Bank transfer (automatic),19.85,1039.45,No
3088-FVYWK,M,0,Yes,Yes,53,Yes,NO,No internet service,No internet service,No internet service,Two year,Credit card (automatic),25.55,1336.1,No
3276-HDUEG,F,0,No,No,1,Yes,FIBER OPTIC,No,No,No,Month-to-month,Mailed check,75.05,75.05,Yes
9092-GDZKO,M,0,No,No,22,Yes,NO,No internet service,No internet service,No internet service,Month-to-month,Credit card (automatic),24.85,493.4,No
0823-HSCDJ,M,1,No,No,52,Yes,DSL,No,No,Yes,Month-to-month,Electronic check,49.15,2550.9,Yes
3729-OWRVL,M,1,No,No,65,Yes,FIBER OPTIC,Yes,Yes,Yes,Two year,Electronic check,110.35,7246.15,No
2324-AALNO,F,0,No,No,48,Yes,NO,No internet service,No internet service,No internet service,One year,Bank transfer (automatic),24.55,1203.95,No
0822-GAVAP,F,0,No,No,2,Yes,DSL,No,No,No,Month-to-month,Electronic check,34.7,62.25,Yes
5760-IFJOZ,M,0,No,No,3,Yes,FIBER OPTIC,No,No,Yes,Month-to-month,Mailed check,107.95,313.6,No
2826-UWHIS,M,0,Yes,No,45,Yes,FIBER OPTIC,No,No,No,Month-to-month,Bank transfer (automatic),81.4,3775.85,No
1448-PWKYE,M,0,Yes,Yes,1,Yes,FIBER OPTIC,No,No,No,Month-to-month,Electronic check,80.0,80.0,Yes
7501-IWUNG,F,0,Yes,Yes,61,Yes,DSL,No,Yes,Yes,Two year,Bank transfer (automatic),65.61,4616.05,No
4957-TREIR,M,0,No,No,3,Yes,DSL,Yes,Yes,Yes,Month-to-month,Credit card (automatic),65.61,195.65,No
7251-LJBQN,F,1,No,No,40,Yes,FIBER OPTIC,No,Yes,Yes,One year,Credit card (automatic),65.61,4188.4,No
8040-MNRTF,F,0,No,No,1,Yes,FIBER OPTIC,No,No,No,Month-to-month,Mailed check,65.61,71.1,No
1536-HBSWP,F,0,No,No,1,Yes,DSL,No,Yes,No,Month-to-month,Electronic check,65.61,49.9,No
5313-FPXWG,M,0,No,No,51,Yes,NO,No internet service,No internet service,No internet service,One year,Bank transfer (automatic),65.61,1266.4,No
0067-DKWBL,M,1,No,No,2,Yes,DSL,Yes,No,No,Month-to-month,Electronic check,65.61,91.1,Yes
0946-FKYTX,M,0,No,No,52,Yes,DSL,No,No,No,One year,Mailed check,65.61,1623.4,No
5076-YVXCM,M,0,No,No,51,Yes,FIBER OPTIC,No,No,No,Month-to-month,Bank transfer (automatic),83.4,4149.45,No
8262-COGGB,M,0,No,No,1,Yes,NO,No internet service,No internet service,No internet service,Month-to-month,Mailed check,20.45,20.45,No
6663-JOCQO,M,0,Yes,Yes,31,Yes,DSL,Yes,Yes,No,One year,Bank transfer (automatic),75.25,2344.5,No
9620-QJREV,M,0,No,Yes,47,Yes,NO,No internet service,No internet service,No internet service,One year,Credit card (automatic),20.55,1013.05,No
2276-YDAVZ,F,0,No,No,3,Yes,FIBER OPTIC,No,No,No,Month-to-month,Credit card (automatic),75.1,270.7,Yes
2682-KEVRP,F,1,No,No,22,Yes,NO,No internet service,No internet service,No internet service,One year,Mailed check,20.05,417.0,No
2480-JZOSN,F,0,Yes,No,1,Yes,NO,No internet service,No internet service,No internet service,Month-to-month,Mailed check,20.65,20.65,No
0078-XZMHT,M,0,Yes,No,72,Yes,DSL,No,Yes,Yes,Two year,Bank transfer (automatic),85.15,6316.2,No
5896-NPFWW,M,0,Yes,Yes,3,Yes,DSL,No,No,No,Month-to-month,Electronic check,50.15,168.15,Yes
9978-HYCIN,M,1,Yes,Yes,47,Yes,FIBER OPTIC,No,No,Yes,One year,Bank transfer (automatic),84.95,4018.05,No
8338-QIUNR,M,0,Yes,Yes,72,Yes,DSL,Yes,Yes,No,Two year,Credit card (automatic),66.5,4811.6,No
1525-LNLOJ,M,0,Yes,Yes,66,Yes,DSL,No,No,Yes,Two year,Bank transfer (automatic),63.3,4189.7,No
9450-TRJUU,M,0,No,No,35,Yes,FIBER OPTIC,No,No,Yes,Month-to-month,Electronic check,83.15,2848.45,No
1766-GKNMI,M,0,No,No,29,Yes,FIBER OPTIC,No,No,No,Month-to-month,Electronic check,84.9,2516.2,No
6942-LBFDP,F,0,No,No,2,Yes,NO,No internet service,No internet service,No internet service,Month-to-month,Mailed check,20.55,33.6,No
1456-TWCGB,M,0,No,No,4,Yes,DSL,No,No,No,Month-to-month,Mailed check,49.25,208.45,No
7133-VBDCG,F,0,No,No,25,Yes,FIBER OPTIC,Yes,No,No,Month-to-month,Bank transfer (automatic),79.85,2015.35,Yes
7596-ZYWBB,F,0,No,No,65,Yes,DSL,Yes,Yes,No,Two year,Mailed check,59.6,3739.8,No
8329-UTMVM,M,1,No,No,27,Yes,FIBER OPTIC,No,Yes,Yes,One year,Bank transfer (automatic),104.65,2964.0,No
3014-WJKSM,M,0,Yes,No,29,Yes,FIBER OPTIC,No,No,No,Month-to-month,Credit card (automatic),75.3,2263.4,No
3347-YJZZE,M,0,Yes,Yes,29,Yes,DSL,No,No,Yes,Month-to-month,Credit card (automatic),80.1,2211.8,No
1029-QFBEN,M,0,No,No,1,Yes,NO,No internet service,No internet service,No internet service,Month-to-month,Mailed check,19.55,19.55,Yes
7929-DMBCV,F,0,Yes,No,20,Yes,FIBER OPTIC,No,Yes,No,Month-to-month,Mailed check,81.0,1683.7,No
9661-JALZV,F,0,No,No,58,Yes,NO,No internet service,No internet service,No internet service,Two year,Credit card (automatic),24.7,1519.0,No
5433-KYGHE,F,0,No,Yes,14,Yes,FIBER OPTIC,Yes,Yes,No,Month-to-month,Mailed check,86.0,1164.05,No
4312-KFRXN,M,0,Yes,No,72,Yes,NO,No internet service,No internet service,No internet service,Two year,Mailed check,25.4,1710.9,No
5575-TPIZQ,M,0,No,No,46,Yes,FIBER OPTIC,Yes,No,Yes,Month-to-month,Credit card (automatic),89.15,4245.55,No
0114-IGABW,F,0,Yes,No,71,Yes,DSL,No,Yes,Yes,Two year,Bank transfer (automatic),58.25,4145.9,No
9944-AEXBM,M,0,No,No,32,Yes,FIBER OPTIC,No,No,No,Month-to-month,Bank transfer (automatic),85.65,2664.3,No
1853-ARAAQ,F,0,No,No,26,Yes,DSL,No,No,Yes,Month-to-month,Credit card (automatic),50.35,1277.5,No
6952-OMNWB,M,1,Yes,No,68,Yes,FIBER OPTIC,No,No,No,Month-to-month,Credit card (automatic),80.35,5589.3,No
4697-LUPSU,M,0,Yes,Yes,2,Yes,NO,No internet service,No internet service,No internet service,One year,Mailed check,20.2,34.75,No
8434-VGEQQ,M,0,Yes,Yes,61,Yes,NO,No internet service,No internet service,No internet service,Two year,Credit card (automatic),20.55,1305.95,No
4952-YSOGZ,F,0,Yes,Yes,4,Yes,FIBER OPTIC,No,No,No,Month-to-month,Electronic check,85.95,381.3,Yes
1589-AGTLK,M,0,No,No,3,Yes,DSL,No,No,No,Month-to-month,Electronic check,45.35,141.5,Yes
5244-IRFIH,M,1,Yes,No,33,Yes,FIBER OPTIC,No,No,Yes,Month-to-month,Electronic check,94.5,3105.55,Yes
6549-YMFAW,M,1,Yes,No,9,Yes,NO,No internet service,No internet service,No internet service,Month-to-month,Mailed check,21.25,204.55,No
4950-HKQTE,F,0,No,No,22,Yes,NO,No internet service,No internet service,No internet service,Two year,Mailed check,26.25,605.9,No
6786-OBWQR,F,0,Yes,Yes,5,Yes,FIBER OPTIC,No,No,Yes,Month-to-month,Electronic check,80.85,356.1,No
2684-EIWEO,F,1,No,No,30,Yes,FIBER OPTIC,Yes,No,No,Month-to-month,Credit card (automatic),91.7,2758.15,Yes
2753-JMMCV,M,0,No,No,65,Yes,DSL,No,Yes,No,Two year,Credit card (automatic),74.2,4805.65,No
6439-GTPCA,F,0,No,No,45,Yes,FIBER OPTIC,No,Yes,No,Month-to-month,Electronic check,87.25,3941.7,Yes
6621-YOBKI,M,0,No,No,5,Yes,NO,No internet service,No internet service,No internet service,Month-to-month,Mailed check,20.35,92.75,No
1216-JWVUX,M,0,Yes,Yes,25,Yes,FIBER OPTIC,No,No,No,Month-to-month,Electronic check,75.5,1901.05,No
7564-GHCVB,F,0,Yes,Yes,72,Yes,FIBER OPTIC,Yes,No,No,Two year,Bank transfer (automatic),79.05,5730.7,No
1173-NOEYG,F,0,Yes,No,27,Yes,FIBER OPTIC,No,No,No,Month-to-month,Bank transfer (automatic),90.15,2423.4,No
7595-EHCDL,M,0,Yes,Yes,32,Yes,DSL,No,No,Yes,Month-to-month,Credit card (automatic),50.6,1653.45,No
6647-ZEDXT,F,0,No,No,30,Yes,FIBER OPTIC,No,Yes,Yes,One year,Credit card (automatic),110.45,3327.05,No
2521-NPUZR,M,0,Yes,No,70,Yes,FIBER OPTIC,Yes,Yes,No,Two year,Credit card (automatic),101.0,7085.5,No
1307-TVUFB,M,1,No,No,42,Yes,FIBER OPTIC,No,No,No,Month-to-month,Bank transfer (automatic),79.35,3344.1,No
7503-MIOGA,F,1,Yes,No,72,Yes,DSL,Yes,Yes,Yes,Two year,Bank transfer (automatic),89.85,6697.35,No
4381-MHQDC,F,0,No,No,47,Yes,DSL,Yes,Yes,No,Two year,Mailed check,65.0,2879.9,No
6923-JHPMP,F,0,No,No,2,Yes,FIBER OPTIC,Yes,No,No,Month-to-month,Electronic check,80.45,137.1,No
5138-WVKYJ,M,0,No,No,10,Yes,FIBER OPTIC,Yes,No,Yes,Month-to-month,Electronic check,98.55,1008.55,Yes
4018-PPNDW,F,0,Yes,Yes,61,Yes,NO,No internet service,No internet service,No internet service,Two year,Mailed check,24.1,1551.6,No
1635-FJFCC,F,0,No,No,5,Yes,DSL,No,No,No,Month-to-month,Credit card (automatic),44.05,202.15,No
2499-AJYUA,F,1,Yes,No,72,Yes,FIBER OPTIC,No,Yes,Yes,Two year,Credit card (automatic),110.8,7882.25,No
6919-ELBGL,M,1,Yes,Yes,72,Yes,FIBER OPTIC,Yes,Yes,Yes,Two year,Bank transfer (automatic),114.95,8196.4,No
3966-HRMZA,F,1,No,No,3,Yes,FIBER OPTIC,No,No,No,Month-to-month,Mailed check,75.05,202.9,No
6425-JWTDV,M,0,Yes,No,48,Yes,NO,No internet service,No internet service,No internet service,Two year,Mailed check,19.25,855.1,No
8405-IGQFX,F,0,No,No,63,Yes,FIBER OPTIC,No,Yes,Yes,One year,Credit card (automatic),90.05,5817.0,No
8224-IVVPA,F,0,No,No,27,Yes,DSL,Yes,No,No,Month-to-month,Mailed check,56.7,1652.95,No
9477-LGWQI,M,0,Yes,Yes,70,Yes,DSL,Yes,No,Yes,Two year,Credit card (automatic),80.15,5600.15,No
1410-RSCMR,M,0,Yes,Yes,7,Yes,DSL,Yes,Yes,No,Month-to-month,Credit card (automatic),71.35,515.75,No
3115-CZMZD,M,0,No,Yes,0,Yes,NO,No internet service,No internet service,No internet service,Two year,Mailed check,20.25,40.5,No
0139-IVFJG,F,0,Yes,No,2,Yes,FIBER OPTIC,Yes,No,Yes,Month-to-month,Electronic check,90.35,190.5,No
6683-VLCTZ,M,1,No,No,20,Yes,FIBER OPTIC,No,No,Yes,Month-to-month,Electronic check,98.55,1842.8,Yes
5730-DBDSI,M,0,No,No,66,Yes,NO,No internet service,No internet service,No internet service,Two year,Bank transfer (automatic),19.7,1253.8,No
0030-FNXPP,F,0,No,No,3,Yes,NO,No internet service,No internet service,No internet service,Month-to-month,Mailed check,19.85,57.2,No
2189-WWOEW,F,0,No,Yes,15,Yes,FIBER OPTIC,No,No,No,Month-to-month,Bank transfer (automatic),85.9,1269.55,Yes
5684-FJVYR,F,0,Yes,Yes,72,Yes,FIBER OPTIC,Yes,Yes,No,Two year,Bank transfer (automatic),90.35,6563.4,No
4013-GUXND,M,0,No,No,1,Yes,NO,No internet service,No internet service,No internet service,Month-to-month,Mailed check,20.8,20.8,No
1894-IGFSG,F,0,No,No,22,Yes,FIBER OPTIC,No,No,Yes,Month-to-month,Electronic check,89.25,1907.85,Yes
7379-POKDZ,M,0,Yes,No,3,Yes,FIBER OPTIC,No,No,No,Month-to-month,Electronic check,70.3,208.85,Yes
1266-NZYUI,F,0,Yes,Yes,72,Yes,DSL,Yes,Yes,No,Two year,Bank transfer (automatic),66.85,4758.8,No
7969-FFOWG,M,0,Yes,Yes,65,Yes,NO,No internet service,No internet service,No internet service,Two year,Mailed check,19.9,1292.6,No
4718-DHSMV,F,0,No,No,11,Yes,DSL,No,No,Yes,Month-to-month,Mailed check,35.8,363.15,No
5175-WLYXL,M,0,No,No,22,Yes,FIBER OPTIC,No,No,No,Month-to-month,Mailed check,78.85,1600.25,No
7817-OMJNA,M,0,No,No,14,Yes,NO,No internet service,No internet service,No internet service,One year,Bank transfer (automatic),20.4,275.7,No
8728-SKJLR,M,0,No,No,41,Yes,FIBER OPTIC,No,Yes,No,Month-to-month,Electronic check,74.25,3089.1,No
3137-NYQQI,M,0,Yes,No,17,Yes,DSL,Yes,No,No,One year,Mailed check,64.8,1175.6,No
7706-DZNKK,M,0,No,No,11,Yes,NO,No internet service,No internet service,No internet service,Month-to-month,Credit card (automatic),20.45,237.3,No
0236-HFWSV,M,0,No,No,15,Yes,FIBER OPTIC,No,No,Yes,Month-to-month,Electronic check,93.35,1444.65,Yes
3900-AQPHZ,F,0,No,No,1,Yes,NO,No internet service,No internet service,No internet service,Month-to-month,Mailed check,19.9,19.9,Yes
5842-POCOP,F,0,Yes,No,5,Yes,FIBER OPTIC,Yes,No,No,Month-to-month,Mailed check,88.9,454.15,Yes
2037-XJFUP,M,0,Yes,No,33,Yes,FIBER OPTIC,No,No,Yes,One year,Electronic check,95.8,3036.75,Yes
8823-RLPWL,F,0,Yes,No,72,Yes,FIBER OPTIC,Yes,No,Yes,Two year,Credit card (automatic),110.65,8065.65,No
9505-SQFSW,F,0,Yes,Yes,3,Yes,DSL,No,No,No,Month-to-month,Mailed check,40.3,92.5,No
7314-OXENN,M,0,No,No,2,Yes,FIBER OPTIC,No,No,No,Month-to-month,Electronic check,82.0,184.65,Yes
3758-CKOQL,F,0,Yes,No,59,Yes,FIBER OPTIC,Yes,Yes,No,One year,Credit card (automatic),107.0,6152.3,No
0322-CHQRU,M,0,No,No,2,Yes,DSL,No,No,No,Month-to-month,Electronic check,45.35,89.5,Yes
5676-CFLYY,M,0,Yes,Yes,71,Yes,DSL,No,Yes,Yes,Two year,Credit card (automatic),73.35,5154.5,No
7521-AFHAB,F,0,Yes,Yes,5,Yes,DSL,No,No,No,Month-to-month,Mailed check,44.8,220.45,No
0285-INHLN,M,0,Yes,Yes,27,Yes,DSL,Yes,No,No,Month-to-month,Credit card (automatic),54.75,1510.3,No
4678-DVQEO,F,0,No,No,1,Yes,DSL,No,Yes,No,Month-to-month,Electronic check,52.2,52.2,Yes
5125-CNDSP,M,0,No,Yes,63,Yes,DSL,Yes,Yes,No,One year,Bank transfer (automatic),40.6,2588.95,No
0691-IFBQW,F,1,No,No,46,Yes,FIBER OPTIC,Yes,No,Yes,One year,Electronic check,110.0,4874.8,Yes
4992-LTJNE,M,0,Yes,Yes,72,Yes,DSL,Yes,No,No,Two year,Bank transfer (automatic),55.3,3983.6,No
2202-OUTMO,F,0,Yes,No,34,Yes,DSL,Yes,Yes,No,Month-to-month,Bank transfer (automatic),60.85,2003.6,No
0810-BDHAW,F,0,Yes,Yes,24,Yes,DSL,Yes,No,Yes,One year,Electronic check,78.4,1832.4,No
0229-LFJAF,M,0,No,No,72,Yes,DSL,Yes,Yes,No,Two year,Bank transfer (automatic),69.65,4908.25,No
7131-ZQZNK,F,0,Yes,Yes,60,Yes,DSL,Yes,Yes,Yes,Two year,Credit card (automatic),59.85,3590.2,No
3442-ZHHCC,M,0,No,No,68,Yes,DSL,Yes,No,No,One year,Credit card (automatic),76.9,5023.0,No
5726-CVNYA,F,0,Yes,Yes,8,Yes,NO,No internet service,No internet service,No internet service,Two year,Mailed check,19.85,146.6,No
9871-ELEYA,F,0,No,Yes,34,Yes,DSL,Yes,Yes,Yes,Two year,Credit card (automatic),67.65,2339.3,No
4257-GAESD,F,0,No,No,6,Yes,DSL,No,No,Yes,Month-to-month,Credit card (automatic),45.0,298.7,No
5173-WXOQV,M,0,Yes,No,2,Yes,DSL,No,Yes,No,Month-to-month,Mailed check,64.2,143.65,No
2040-OBMLJ,M,0,No,No,31,Yes,FIBER OPTIC,No,Yes,No,One year,Credit card (automatic),81.7,2548.65,No
6286-ZHAOK,F,0,Yes,Yes,20,Yes,NO,No internet service,No internet service,No internet service,Month-to-month,Bank transfer (automatic),25.55,507.4,No
3807-XHCJH,F,0,Yes,Yes,1,Yes,NO,No internet service,No internet service,No internet service,Month-to-month,Electronic check,20.0,20.0,No
3009-JWMPU,M,0,No,No,62,Yes,FIBER OPTIC,No,No,Yes,One year,Electronic check,96.75,6125.4,Yes
5671-RQRLP,F,1,Yes,No,70,Yes,FIBER OPTIC,No,No,No,Two year,Credit card (automatic),75.65,5411.4,No
1450-GALXR,F,0,No,No,10,Yes,FIBER OPTIC,No,Yes,Yes,Month-to-month,Electronic check,98.5,1058.25,Yes
8859-AXJZP,M,0,Yes,Yes,39,Yes,NO,No internet service,No internet service,No internet service,Two year,Mailed check,23.8,903.8,No
3174-AKMAS,F,0,Yes,No,46,Yes,DSL,No,Yes,Yes,Two year,Credit card (automatic),64.2,3009.5,No
3138-BKYAV,M,0,No,No,6,Yes,FIBER OPTIC,No,No,Yes,Month-to-month,Electronic check,85.35,489.45,Yes
9926-PJHDQ,F,0,Yes,Yes,72,Yes,DSL,No,No,Yes,Two year,Bank transfer (automatic),76.8,5468.45,No
7382-DFJTU,M,0,No,No,18,Yes,DSL,No,Yes,No,Month-to-month,Credit card (automatic),55.2,1058.1,No
2798-NYLMZ,M,0,Yes,No,71,Yes,FIBER OPTIC,Yes,Yes,Yes,Two year,Credit card (automatic),108.55,7616.0,No
4289-DTDKW,M,0,Yes,No,40,Yes,FIBER OPTIC,No,No,Yes,Month-to-month,Electronic check,101.3,4113.1,Yes
1820-TQVEV,M,0,No,No,1,Yes,FIBER OPTIC,No,No,No,Month-to-month,Electronic check,69.55,69.55,Yes
2239-JALAW,M,0,No,No,58,Yes,FIBER OPTIC,No,No,Yes,One year,Bank transfer (automatic),103.25,6017.65,Yes
4853-RULSV,M,0,No,No,70,Yes,FIBER OPTIC,Yes,Yes,Yes,Two year,Credit card (automatic),104.0,7250.15,Yes
8098-TDCBU,F,0,Yes,No,42,Yes,NO,No internet service,No internet service,No internet service,Two year,Electronic check,25.25,1108.2,No
3551-GAEGL,M,0,Yes,Yes,34,Yes,DSL,Yes,No,No,One year,Bank transfer (automatic),30.4,938.65,No
4785-NKHCX,M,1,No,No,5,Yes,NO,No internet service,No internet service,No internet service,Month-to-month,Bank transfer (automatic),20.05,94.15,No
3196-NVXLZ,F,0,No,No,25,Yes,FIBER OPTIC,No,No,Yes,Month-to-month,Mailed check,84.6,2088.05,No
6275-YDUVO,F,0,No,No,2,Yes,FIBER OPTIC,No,No,No,Month-to-month,Mailed check,86.2,178.7,Yes
0036-IHMOT,F,0,Yes,Yes,55,Yes,FIBER OPTIC,No,Yes,Yes,One year,Bank transfer (automatic),103.7,5656.75,No
0115-TFERT,M,0,Yes,No,21,Yes,FIBER OPTIC,No,Yes,Yes,Month-to-month,Electronic check,111.2,2317.1,Yes
4178-EGMON,M,0,Yes,No,70,Yes,FIBER OPTIC,Yes,Yes,No,Two year,Credit card (automatic),88.0,5986.45,No
4220-TINQT,F,0,Yes,No,61,Yes,FIBER OPTIC,No,Yes,Yes,Month-to-month,Electronic check,106.35,6751.35,No
5318-YKDPV,M,0,Yes,Yes,43,Yes,DSL,Yes,Yes,Yes,Two year,Credit card (automatic),79.15,3566.6,No
7975-TZMLR,M,0,No,No,47,Yes,FIBER OPTIC,No,No,Yes,One year,Electronic check,103.1,4889.3,No
0295-QVKPB,M,0,No,No,5,Yes,DSL,No,Yes,Yes,Month-to-month,Credit card (automatic),63.95,318.1,No
4335-BSMJS,F,0,No,No,62,Yes,NO,No internet service,No internet service,No internet service,Two year,Credit card (automatic),25.8,1563.95,No
2311-QYMUQ,F,0,Yes,Yes,16,Yes,FIBER OPTIC,No,No,Yes,Month-to-month,Credit card (automatic),89.45,1430.25,Yes
3643-AHCFP,M,1,Yes,No,7,Yes,FIBER OPTIC,No,No,Yes,Month-to-month,Bank transfer (automatic),95.6,644.35,Yes
9146-JRIOX,F,0,Yes,Yes,14,Yes,NO,No internet service,No internet service,No internet service,Month-to-month,Mailed check,25.55,372.45,No
3104-OWCGK,M,0,Yes,Yes,60,Yes,FIBER OPTIC,No,No,Yes,One year,Electronic check,90.95,5453.4,Yes
5337-IIWKZ,M,0,Yes,Yes,34,Yes,DSL,No,Yes,Yes,Month-to-month,Electronic check,44.85,1442.6,No
9101-BWFSS,F,0,Yes,No,50,Yes,FIBER OPTIC,Yes,Yes,Yes,One year,Electronic check,108.55,5610.7,Yes
9650-VBUOG,M,0,Yes,Yes,38,Yes,NO,No internet service,No internet service,No internet service,Two year,Credit card (automatic),25.05,963.95,No
3487-EARAT,F,0,Yes,Yes,70,Yes,DSL,Yes,Yes,No,One year,Credit card (automatic),74.1,5222.3,No
2672-TGEFF,F,0,Yes,Yes,37,Yes,FIBER OPTIC,No,No,Yes,Month-to-month,Electronic check,88.8,3340.55,No
9231-ZJYAM,F,1,No,No,4,Yes,FIBER OPTIC,No,No,Yes,Month-to-month,Electronic check,78.85,292.8,Yes
4250-WAROZ,M,1,Yes,Yes,60,Yes,FIBER OPTIC,Yes,No,No,Month-to-month,Electronic check,93.25,5774.55,No
8184-WMOFI,M,0,Yes,Yes,62,Yes,DSL,Yes,Yes,No,One year,Credit card (automatic),71.4,4487.3,No
6982-SSHFK,M,0,No,No,1,Yes,DSL,No,No,No,Month-to-month,Mailed check,44.4,44.4,Yes
6092-QZVPP,M,0,No,No,36,Yes,DSL,Yes,Yes,Yes,Month-to-month,Credit card (automatic),79.2,2854.95,No
4625-LAMOB,M,0,No,No,44,Yes,NO,No internet service,No internet service,No internet service,Two year,Credit card (automatic),20.4,905.55,No
0727-BMPLR,F,1,No,No,55,Yes,FIBER OPTIC,No,No,Yes,One year,Electronic check,100.0,5509.3,Yes
0392-BZIUW,F,0,Yes,No,72,Yes,FIBER OPTIC,Yes,No,Yes,Two year,Credit card (automatic),105.0,7589.8,No
1038-ZAGBI,F,0,Yes,Yes,12,Yes,NO,No internet service,No internet service,No internet service,One year,Bank transfer (automatic),19.8,229.6,Yes
6549-NNDYT,F,0,No,No,13,Yes,DSL,Yes,No,No,Month-to-month,Bank transfer (automatic),30.85,394.1,No
3027-ZTDHO,M,0,No,No,1,Yes,FIBER OPTIC,No,No,Yes,Month-to-month,Electronic check,89.9,89.9,Yes
0422-OHQHQ,F,0,Yes,Yes,15,Yes,NO,No internet service,No internet service,No internet service,One year,Mailed check,20.55,295.95,No
6916-HIJSE,F,0,No,No,65,Yes,DSL,Yes,Yes,Yes,Two year,Bank transfer (automatic),84.85,5459.2,No
2316-ESMLS,F,0,Yes,Yes,12,Yes,DSL,Yes,Yes,No,One year,Credit card (automatic),33.15,444.75,No
9778-OGKQZ,M,0,Yes,No,72,Yes,DSL,Yes,Yes,Yes,Two year,Credit card (automatic),92.0,6782.15,No
7408-OFWXJ,F,0,Yes,Yes,72,Yes,DSL,Yes,Yes,Yes,Two year,Credit card (automatic),89.8,6510.45,No
6007-TCTST,F,0,Yes,Yes,72,Yes,FIBER OPTIC,Yes,Yes,Yes,Two year,Bank transfer (automatic),115.8,8476.5,No
2252-NKNSI,M,0,No,Yes,52,Yes,DSL,Yes,Yes,Yes,Two year,Mailed check,85.15,4461.85,No
8713-IGZSO,M,0,No,No,2,Yes,NO,No internet service,No internet service,No internet service,Month-to-month,Mailed check,24.85,62.0,No
7905-TVXTA,F,0,No,No,5,Yes,DSL,Yes,Yes,Yes,Month-to-month,Electronic check,64.35,352.65,No
7695-PKLCZ,F,0,No,No,68,Yes,NO,No internet service,No internet service,No internet service,Two year,Credit card (automatic),20.5,1424.9,No
2382-BCKQJ,F,0,No,Yes,62,Yes,FIBER OPTIC,No,No,Yes,One year,Electronic check,100.15,6413.65,Yes
8374-UULRV,M,0,No,No,72,Yes,DSL,Yes,Yes,Yes,Two year,Credit card (automatic),86.05,6309.65,No
2207-NHRJK,M,0,No,No,1,Yes,DSL,No,No,No,Month-to-month,Electronic check,50.8,50.8,Yes
3224-DFQNQ,F,0,Yes,No,66,Yes,FIBER OPTIC,Yes,Yes,No,One year,Electronic check,89.0,5898.6,No
5275-PMFUT,M,0,Yes,Yes,72,Yes,DSL,Yes,Yes,Yes,Two year,Credit card (automatic),64.8,4719.75,No
4795-UXVCJ,M,0,No,No,26,Yes,NO,No internet service,No internet service,No internet service,One year,Credit card (automatic),19.8,457.3,No
9777-IQHWP,M,0,Yes,Yes,64,Yes,FIBER OPTIC,Yes,No,No,Two year,Bank transfer (automatic),93.4,5822.3,No
0947-MUGVO,M,1,Yes,No,20,Yes,FIBER OPTIC,No,No,No,Month-to-month,Electronic check,73.65,1463.5,Yes
9944-HKVVB,F,0,No,No,3,Yes,FIBER OPTIC,No,No,Yes,Month-to-month,Electronic check,95.1,307.4,Yes
4124-MMETB,M,0,No,No,22,Yes,FIBER OPTIC,No,No,Yes,Month-to-month,Credit card (automatic),94.65,2104.55,Yes
3671-SHRSP,M,0,Yes,No,4,Yes,FIBER OPTIC,No,Yes,No,Month-to-month,Mailed check,80.6,319.15,Yes
0979-MOZQI,M,0,Yes,No,62,Yes,DSL,No,Yes,Yes,Two year,Bank transfer (automatic),39.0,2337.45,No
2732-ISEZX,F,0,No,No,5,Yes,NO,No internet service,No internet service,No internet service,Month-to-month,Mailed check,20.5,104.3,No
3313-QKNKB,M,0,Yes,No,59,Yes,FIBER OPTIC,No,No,No,One year,Electronic check,85.55,5084.65,Yes
0323-XWWTN,M,0,No,Yes,3,Yes,NO,No internet service,No internet service,No internet service,Two year,Mailed check,26.4,121.25,No
1937-OTUKY,F,0,Yes,No,72,Yes,FIBER OPTIC,Yes,Yes,Yes,Two year,Bank transfer (automatic),98.2,7015.9,No
1573-LGXBA,M,0,Yes,Yes,57,Yes,FIBER OPTIC,No,No,Yes,One year,Credit card (automatic),97.55,5598.0,No
1764-VUUMT,M,0,No,Yes,66,Yes,NO,No internet service,No internet service,No internet service,Two year,Credit card (automatic),19.95,1269.1,No
5073-WXOYN,F,0,No,No,60,Yes,DSL,No,No,Yes,Month-to-month,Electronic check,50.8,3027.4,Yes
4713-ZBURT,M,0,No,Yes,45,Yes,FIBER OPTIC,No,No,Yes,Two year,Bank transfer (automatic),99.7,4634.35,No
3050-GBUSH,F,0,No,No,3,Yes,DSL,No,No,Yes,Month-to-month,Credit card (automatic),34.8,113.95,No
0207-MDKNV,F,0,No,No,15,Yes,FIBER OPTIC,Yes,Yes,Yes,Month-to-month,Electronic check,105.1,1582.75,Yes
7876-AEHIG,F,0,No,Yes,51,Yes,DSL,Yes,Yes,Yes,One year,Bank transfer (automatic),60.15,3077.0,No
7945-HLKEA,F,0,No,No,60,Yes,DSL,Yes,Yes,No,One year,Electronic check,64.75,4039.5,No
9342-VNIMQ,M,0,No,No,33,Yes,DSL,No,No,No,Month-to-month,Bank transfer (automatic),54.65,1665.2,No
9851-KIELU,M,0,No,No,10,Yes,FIBER OPTIC,Yes,Yes,Yes,Month-to-month,Electronic check,110.1,1043.3,Yes
3523-BRGUW,M,1,No,No,26,Yes,NO,No internet service,No internet service,No internet service,One year,Credit card (automatic),19.3,504.2,No
3908-BLSYF,F,0,No,No,6,Yes,FIBER OPTIC,No,No,No,Month-to-month,Electronic check,83.9,497.55,Yes
3199-NPKCN,F,0,Yes,No,67,Yes,FIBER OPTIC,Yes,Yes,Yes,One year,Electronic check,111.25,7511.65,No
5170-PTRKA,F,0,Yes,Yes,49,Yes,DSL,Yes,Yes,No,One year,Credit card (automatic),35.8,1782.0,No
4661-NJEUX,M,0,No,No,1,Yes,NO,No internet service,No internet service,No internet service,Month-to-month,Mailed check,20.05,20.05,No
2123-AGEEN,F,1,No,No,7,Yes,FIBER OPTIC,No,No,Yes,Month-to-month,Electronic check,84.35,609.65,No
1258-YMZNM,F,1,No,No,27,Yes,FIBER OPTIC,Yes,No,Yes,One year,Bank transfer (automatic),110.5,2857.6,No
0048-LUMLS,M,0,Yes,Yes,37,Yes,FIBER OPTIC,No,No,Yes,One year,Credit card (automatic),91.2,3247.55,No
7549-MYGPK,F,0,Yes,Yes,63,Yes,FIBER OPTIC,Yes,No,Yes,Month-to-month,Electronic check,100.55,6215.35,Yes
5898-IGSLP,M,0,Yes,Yes,31,Yes,FIBER OPTIC,Yes,Yes,No,Month-to-month,Electronic check,89.3,2823.0,No
3804-RVTGV,M,0,Yes,Yes,50,Yes,FIBER OPTIC,No,No,Yes,Month-to-month,Bank transfer (automatic),103.85,5017.9,Yes
6259-WJQLC,M,1,No,No,32,Yes,FIBER OPTIC,No,No,No,Month-to-month,Credit card (automatic),81.1,2619.25,No
9227-LUNBG,F,0,No,No,1,Yes,DSL,No,No,No,Month-to-month,Electronic check,24.6,24.6,Yes
7997-EASSD,F,0,Yes,No,63,Yes,FIBER OPTIC,No,Yes,No,One year,Credit card (automatic),81.2,4965.1,No
0730-KOAVE,M,0,No,No,30,Yes,FIBER OPTIC,Yes,No,No,Month-to-month,Credit card (automatic),94.3,2679.7,No
8975-SKGRX,M,0,Yes,No,71,Yes,FIBER OPTIC,Yes,Yes,Yes,Two year,Bank transfer (automatic),116.1,8310.55,No
0678-RLHVP,F,0,No,No,53,Yes,FIBER OPTIC,No,No,Yes,Two year,Electronic check,105.55,5682.25,No
4315-MURBD,F,0,No,No,12,Yes,FIBER OPTIC,Yes,Yes,Yes,Month-to-month,Bank transfer (automatic),98.9,1120.95,Yes
2267-FPIMA,M,0,Yes,No,50,Yes,FIBER OPTIC,Yes,No,No,Month-to-month,Credit card (automatic),94.4,4914.9,No
1051-GEJLJ,F,0,No,No,2,Yes,NO,No internet service,No internet service,No internet service,Month-to-month,Mailed check,19.5,27.55,No
9734-YWGEX,F,0,No,No,9,Yes,FIBER OPTIC,No,No,Yes,Month-to-month,Credit card (automatic),98.3,923.5,Yes
2719-BDAQO,M,0,No,No,17,Yes,FIBER OPTIC,Yes,No,Yes,Month-to-month,Electronic check,93.85,1625.65,Yes
5285-MVEHD,F,0,Yes,No,56,Yes,FIBER OPTIC,Yes,No,Yes,One year,Credit card (automatic),105.6,6068.65,No
0379-DJQHR,M,0,Yes,Yes,67,Yes,DSL,Yes,No,Yes,Two year,Credit card (automatic),81.35,5398.6,No
0781-LKXBR,M,1,No,No,9,Yes,FIBER OPTIC,No,No,Yes,Month-to-month,Electronic check,100.5,918.6,Yes
5543-QDCRY,M,0,No,No,4,Yes,DSL,No,No,Yes,Month-to-month,Electronic check,56.4,234.85,No
0297-RBCSG,M,0,No,No,19,Yes,DSL,No,Yes,No,One year,Bank transfer (automatic),65.35,1231.85,No
4694-PHWFW,F,0,No,Yes,8,Yes,NO,No internet service,No internet service,No internet service,Month-to-month,Mailed check,19.95,170.9,No
0835-JKADZ,F,0,No,No,71,Yes,FIBER OPTIC,No,Yes,Yes,Two year,Electronic check,111.25,7984.15,No
1907-UBQFC,M,1,No,No,10,Yes,FIBER OPTIC,No,No,No,Month-to-month,Electronic check,72.85,688.65,Yes
7508-SMHXL,F,1,No,No,15,Yes,FIBER OPTIC,No,No,Yes,Month-to-month,Credit card (automatic),89.0,1288.3,No
3865-YIOTT,M,0,Yes,Yes,72,Yes,FIBER OPTIC,Yes,No,Yes,One year,Bank transfer (automatic),106.1,7848.5,No
5993-BQHEA,M,0,No,No,12,Yes,NO,No internet service,No internet service,No internet service,One year,Credit card (automatic),20.05,267.0,No
6024-RUGGH,M,0,Yes,Yes,72,Yes,NO,No internet service,No internet service,No internet service,Two year,Bank transfer (automatic),25.2,1798.9,No
6513-EECDB,M,1,Yes,No,1,Yes,FIBER OPTIC,No,No,No,Month-to-month,Electronic check,73.55,73.55,Yes
3956-CJUST,F,1,No,No,23,Yes,FIBER OPTIC,Yes,No,No,Month-to-month,Bank transfer (automatic),75.4,1643.55,No
4079-WWQQQ,M,0,No,No,72,Yes,DSL,Yes,Yes,Yes,Two year,Bank transfer (automatic),65.55,4807.45,No
6103-BOCOU,F,0,No,No,26,Yes,FIBER OPTIC,No,No,No,Month-to-month,Electronic check,80.7,2193.0,No
5149-TGWDZ,F,0,No,No,21,Yes,FIBER OPTIC,No,Yes,Yes,One year,Mailed check,104.55,2239.4,No
7471-WNSUF,M,0,Yes,No,60,Yes,NO,No internet service,No internet service,No internet service,One year,Bank transfer (automatic),24.15,1505.9,No
8942-DBMHZ,M,0,No,No,12,Yes,NO,No internet service,No internet service,No internet service,Month-to-month,Mailed check,20.45,255.35,No
4301-VVZKA,M,0,Yes,No,16,Yes,FIBER OPTIC,No,No,No,Month-to-month,Electronic check,75.4,1189.4,No
9199-PWQVC,F,0,Yes,No,63,Yes,DSL,Yes,No,Yes,One year,Credit card (automatic),79.7,4786.15,No
4824-GUCBY,F,1,No,No,22,Yes,FIBER OPTIC,Yes,No,No,Month-to-month,Electronic check,81.7,1820.9,No
5393-HJZSM,F,0,Yes,Yes,32,Yes,DSL,Yes,Yes,No,Month-to-month,Bank transfer (automatic),76.3,2404.15,No
7074-IEVOJ,F,1,No,No,3,Yes,FIBER OPTIC,No,No,No,Month-to-month,Electronic check,79.4,205.05,Yes
9625-QSTYE,F,0,No,No,13,Yes,FIBER OPTIC,No,No,No,Month-to-month,Electronic check,81.15,952.3,Yes
0862-PRCBS,F,0,Yes,Yes,68,Yes,FIBER OPTIC,No,Yes,Yes,Two year,Credit card (automatic),103.75,7039.45,No
8812-ZRHFP,F,0,Yes,Yes,30,Yes,FIBER OPTIC,No,No,No,One year,Electronic check,86.45,2538.05,No
5146-CBVOE,F,0,No,No,16,Yes,FIBER OPTIC,No,No,No,Month-to-month,Bank transfer (automatic),75.1,1212.85,No
0454-OKRCT,M,0,No,No,33,Yes,FIBER OPTIC,No,Yes,No,Two year,Bank transfer (automatic),80.6,2651.1,No
5787-KXGIY,M,0,Yes,No,72,Yes,NO,No internet service,No internet service,No internet service,Two year,Credit card (automatic),19.3,1304.8,No
4750-ZRXIU,F,1,No,No,4,Yes,FIBER OPTIC,No,No,No,Month-to-month,Electronic check,84.6,360.1,Yes
4198-VFOEA,F,0,No,No,12,Yes,DSL,Yes,Yes,No,One year,Mailed check,33.6,435.45,No
6630-UJZMY,F,1,Yes,No,4,Yes,FIBER OPTIC,No,No,Yes,Month-to-month,Electronic check,83.25,308.05,No
5709-LVOEQ,F,0,Yes,Yes,0,Yes,DSL,Yes,No,Yes,Two year,Mailed check,80.85,80.85,No
6400-BWQKW,F,0,No,No,6,Yes,FIBER OPTIC,Yes,No,No,Month-to-month,Electronic check,79.05,434.5,Yes
2692-AQCPF,F,0,Yes,No,65,Yes,FIBER OPTIC,No,Yes,Yes,One year,Credit card (automatic),108.05,7118.9,No
0347-UBKUZ,F,0,No,No,15,Yes,NO,No internet service,No internet service,No internet service,Month-to-month,Mailed check,19.9,320.45,No
0835-DUUIQ,F,0,No,Yes,24,Yes,NO,No internet service,No internet service,No internet service,One year,Bank transfer (automatic),21.05,531.55,No
0811-GSDTP,F,0,No,Yes,13,Yes,DSL,No,No,No,Month-to-month,Electronic check,30.15,382.2,No
7567-ECMCM,M,0,No,No,24,Yes,FIBER OPTIC,No,No,No,Month-to-month,Credit card (automatic),79.85,2001.0,No
6115-ZTBFQ,F,0,Yes,No,72,Yes,DSL,Yes,Yes,Yes,Two year,Bank transfer (automatic),65.5,4919.7,No
6353-BRMMA,F,0,Yes,Yes,54,Yes,FIBER OPTIC,Yes,No,Yes,Month-to-month,Bank transfer (automatic),104.1,5645.8,No
6680-WKXRZ,F,0,No,No,3,Yes,FIBER OPTIC,No,No,No,Month-to-month,Bank transfer (automatic),74.4,215.8,Yes
6231-WFGFH,M,0,Yes,Yes,4,Yes,NO,No internet service,No internet service,No internet service,Month-to-month,Mailed check,20.5,77.6,No
9904-EHEVJ,F,1,Yes,Yes,32,Yes,FIBER OPTIC,No,No,Yes,Month-to-month,Mailed check,91.35,2896.55,No
7028-DVOIQ,M,1,No,No,35,Yes,FIBER OPTIC,No,No,Yes,Month-to-month,Electronic check,99.05,3395.8,Yes
6169-PPETC,M,0,Yes,Yes,35,Yes,NO,No internet service,No internet service,No internet service,Two year,Bank transfer (automatic),20.5,759.35,No
4208-UFFGW,M,1,No,No,2,Yes,DSL,No,No,No,Month-to-month,Mailed check,44.95,85.15,Yes
8584-KMVXD,F,0,No,No,8,Yes,FIBER OPTIC,No,No,No,Month-to-month,Electronic check,75.6,535.55,No
8467-WYNSR,M,0,No,No,22,Yes,DSL,Yes,Yes,No,Month-to-month,Mailed check,55.1,1253.15,No
0851-DFJKB,F,0,No,No,15,Yes,DSL,Yes,Yes,No,Month-to-month,Electronic check,58.95,955.15,No
5382-SOYZL,M,0,No,No,22,Yes,FIBER OPTIC,No,No,Yes,Month-to-month,Electronic check,95.1,2162.6,No
9448-REEVD,M,0,Yes,No,1,Yes,DSL,No,No,No,Month-to-month,Credit card (automatic),44.7,44.7,Yes
3261-CQXOL,F,0,Yes,Yes,71,Yes,NO,No internet service,No internet service,No internet service,Two year,Bank transfer (automatic),25.45,1813.35,No
8388-FYNPZ,M,0,No,No,4,Yes,DSL,Yes,No,No,Month-to-month,Electronic check,56.75,245.15,No
4002-BQWPQ,M,0,No,No,25,Yes,DSL,Yes,Yes,No,Month-to-month,Bank transfer (automatic),81.75,2028.8,No
5651-YLPRD,F,0,Yes,Yes,32,Yes,FIBER OPTIC,No,No,Yes,Month-to-month,Electronic check,86.1,2723.75,No
2826-DXLQO,M,1,Yes,No,7,Yes,DSL,Yes,No,No,Month-to-month,Bank transfer (automatic),29.8,220.45,No
4378-BZYFP,M,0,No,No,17,Yes,NO,No internet service,No internet service,No internet service,One year,Mailed check,20.5,365.8,No
9489-UTFKA,M,1,Yes,No,8,Yes,DSL,Yes,No,Yes,Month-to-month,Bank transfer (automatic),60.9,551.95,No
4849-PYRLQ,F,1,No,No,56,Yes,DSL,Yes,Yes,No,Two year,Bank transfer (automatic),73.25,4054.2,No
9117-SHLZX,M,0,No,No,1,Yes,DSL,No,No,No,Month-to-month,Mailed check,45.7,45.7,Yes
9889-TMAHG,M,1,No,No,8,Yes,FIBER OPTIC,Yes,Yes,Yes,Month-to-month,Credit card (automatic),100.3,832.35,Yes
4541-RMRLG,M,0,No,No,7,Yes,NO,No internet service,No internet service,No internet service,Month-to-month,Electronic check,19.25,112.3,Yes
7764-BDPEE,M,0,No,Yes,3,Yes,NO,No internet service,No internet service,No internet service,Month-to-month,Mailed check,20.85,60.65,No
3429-IFLEM,F,0,No,No,71,Yes,DSL,Yes,Yes,Yes,Two year,Credit card (automatic),77.35,5550.1,No
3158-MOERK,F,0,No,No,2,Yes,FIBER OPTIC,No,No,Yes,Month-to-month,Electronic check,96.0,174.8,Yes
7294-TMAOP,F,0,No,No,1,Yes,FIBER OPTIC,No,No,Yes,Month-to-month,Electronic check,90.55,90.55,Yes
5002-GCQFH,M,0,Yes,No,49,Yes,FIBER OPTIC,Yes,No,Yes,Month-to-month,Bank transfer (automatic),93.85,4733.1,No
0556-FJEGU,M,0,No,No,58,Yes,DSL,No,Yes,Yes,Two year,Bank transfer (automatic),70.1,4048.95,No
8919-FYFQZ,M,1,Yes,No,44,Yes,DSL,No,No,No,Month-to-month,Electronic check,30.35,1359.7,Yes
0604-THJFP,F,0,Yes,Yes,59,Yes,DSL,No,Yes,Yes,Two year,Credit card (automatic),75.95,4542.35,No
2834-JRTUA,M,0,No,No,71,Yes,FIBER OPTIC,Yes,Yes,Yes,Two year,Electronic check,108.05,7532.15,Yes
5875-YPQFJ,M,0,No,No,1,Yes,FIBER OPTIC,No,No,No,Month-to-month,Electronic check,69.9,69.9,Yes
5879-SESNB,F,0,No,No,11,Yes,FIBER OPTIC,No,No,No,Month-to-month,Electronic check,75.25,888.65,No
6646-QVXLR,M,1,Yes,No,62,Yes,FIBER OPTIC,No,No,Yes,One year,Electronic check,103.75,6383.35,Yes
6461-PPAXN,F,0,Yes,Yes,35,Yes,DSL,Yes,Yes,No,One year,Bank transfer (automatic),54.95,1916.0,No
3318-ISQFQ,F,0,No,No,20,Yes,NO,No internet service,No internet service,No internet service,Month-to-month,Bank transfer (automatic),19.5,413.0,No
1106-HRLKZ,M,0,Yes,Yes,40,Yes,NO,No internet service,No internet service,No internet service,Two year,Mailed check,19.6,808.95,No
2483-XSSMZ,F,0,No,No,39,Yes,DSL,Yes,No,No,One year,Electronic check,47.85,1886.4,No
8603-IJWDN,M,0,No,No,1,Yes,FIBER OPTIC,No,No,No,Month-to-month,Electronic check,86.6,86.6,Yes
8165-ZJRNM,F,0,Yes,Yes,72,Yes,NO,No internet service,No internet service,No internet service,Two year,Bank transfer (automatic),23.75,1679.25,No
9369-XFEHK,F,1,Yes,No,33,Yes,FIBER OPTIC,No,No,No,Month-to-month,Bank transfer (automatic),80.6,2656.5,Yes
2604-XVDAM,F,0,No,No,12,Yes,DSL,No,No,No,Month-to-month,Bank transfer (automatic),43.8,540.95,No
3717-OFRTN,M,0,No,No,1,Yes,NO,No internet service,No internet service,No internet service,Month-to-month,Bank transfer (automatic),19.75,19.75,No
9046-JBFWA,M,0,No,Yes,27,Yes,NO,No internet service,No internet service,No internet service,Month-to-month,Mailed check,19.15,537.35,No
3280-NMUVX,M,0,Yes,Yes,34,Yes,NO,No internet service,No internet service,No internet service,One year,Credit card (automatic),19.6,678.8,No
1206-EHBDD,F,0,Yes,No,56,Yes,FIBER OPTIC,Yes,No,No,Two year,Bank transfer (automatic),80.3,4513.65,No
8361-LBRDI,F,0,No,No,58,Yes,NO,No internet service,No internet service,No internet service,Two year,Credit card (automatic),24.35,1423.85,No
4883-KCPZJ,F,0,Yes,Yes,22,Yes,NO,No internet service,No internet service,No internet service,Two year,Credit card (automatic),25.25,555.4,No
9108-EQPNQ,F,0,Yes,Yes,10,Yes,NO,No internet service,No internet service,No internet service,Two year,Credit card (automatic),26.1,225.55,No
7277-KAMWT,M,0,No,No,13,Yes,NO,No internet service,No internet service,No internet service,Two year,Credit card (automatic),20.0,268.45,No
3842-IYKUE,F,0,No,No,35,Yes,FIBER OPTIC,No,Yes,No,Month-to-month,Credit card (automatic),85.3,2917.5,Yes
6641-XRPSU,F,0,No,No,34,Yes,FIBER OPTIC,No,No,No,Month-to-month,Credit card (automatic),70.0,2416.1,Yes
1374-DMZUI,F,1,No,No,4,Yes,FIBER OPTIC,No,No,Yes,Month-to-month,Electronic check,94.3,424.45,Yes
2545-LXYVJ,M,0,Yes,No,72,Yes,NO,No internet service,No internet service,No internet service,Two year,Bank transfer (automatic),20.7,1492.1,No
3234-VKACU,M,0,No,No,2,Yes,DSL,No,Yes,Yes,Month-to-month,Electronic check,70.3,132.4,No
8357-EQXFO,F,0,No,No,7,Yes,FIBER OPTIC,No,No,Yes,Month-to-month,Electronic check,95.35,660.9,Yes
1989-PRJHP,M,1,Yes,No,27,Yes,FIBER OPTIC,No,No,No,Month-to-month,Electronic check,75.5,1893.95,Yes
8120-JDCAM,M,0,Yes,Yes,4,Yes,FIBER OPTIC,No,No,No,Month-to-month,Mailed check,69.55,284.9,No
8917-FAEMR,F,0,No,No,37,Yes,NO,No internet service,No internet service,No internet service,Two year,Mailed check,19.85,784.25,No
7047-YXDMZ,M,0,No,No,21,Yes,NO,No internet service,No internet service,No internet service,Month-to-month,Mailed check,20.0,417.7,No
2858-EIMXH,F,1,Yes,No,53,Yes,FIBER OPTIC,No,No,Yes,One year,Credit card (automatic),95.85,5016.25,No
9524-EGPJC,F,0,No,No,18,Yes,FIBER OPTIC,No,Yes,No,Month-to-month,Electronic check,90.1,1612.75,Yes
6993-OHLXR,F,0,No,No,2,Yes,FIBER OPTIC,No,No,No,Month-to-month,Electronic check,68.95,119.75,Yes
8818-XYFCQ,M,0,Yes,Yes,32,Yes,FIBER OPTIC,Yes,No,Yes,Month-to-month,Credit card (automatic),99.55,3204.65,Yes
6419-ZTTLE,M,1,Yes,No,23,Yes,NO,No internet service,No internet service,No internet service,One year,Electronic check,20.75,485.2,No
0929-HYQEW,M,0,No,No,3,Yes,DSL,Yes,No,No,Month-to-month,Mailed check,50.15,160.85,No
6614-YOLAC,F,0,Yes,Yes,71,Yes,DSL,Yes,Yes,Yes,Two year,Mailed check,58.65,4145.25,No
7426-RHZGU,M,0,No,No,9,Yes,FIBER OPTIC,No,Yes,Yes,Month-to-month,Bank transfer (automatic),95.9,827.45,No
4065-JJAVA,F,0,No,No,1,Yes,DSL,No,No,No,Month-to-month,Electronic check,49.5,49.5,No
4695-VADHF,M,0,Yes,Yes,18,Yes,DSL,No,No,No,Month-to-month,Electronic check,57.45,990.85,Yes
3863-IUBJR,M,0,Yes,Yes,12,Yes,DSL,No,No,No,One year,Credit card (automatic),53.65,696.35,Yes
7649-SIJJF,M,0,Yes,No,71,Yes,DSL,Yes,Yes,No,Two year,Mailed check,80.1,5585.4,No
9361-YNQWJ,F,0,No,No,64,Yes,NO,No internet service,No internet service,No internet service,One year,Bank transfer (automatic),24.4,1601.2,No
3748-FVMZZ,M,0,No,No,4,Yes,DSL,No,Yes,No,Month-to-month,Electronic check,40.05,162.45,No
9391-TTOYH,F,0,No,No,23,Yes,NO,No internet service,No internet service,No internet service,Month-to-month,Mailed check,19.5,470.2,No
1452-XRSJV,F,0,Yes,Yes,39,Yes,DSL,Yes,No,No,Month-to-month,Credit card (automatic),51.05,2066.0,No
3422-WJOYD,M,0,Yes,No,28,Yes,DSL,Yes,Yes,No,One year,Mailed check,54.35,1426.45,No
8242-SOQUO,F,1,No,No,5,Yes,FIBER OPTIC,No,No,Yes,Month-to-month,Electronic check,84.7,392.5,No
7460-ITWWP,F,1,Yes,No,45,Yes,FIBER OPTIC,No,No,No,Month-to-month,Electronic check,86.1,3861.45,No
7147-AYBAA,M,0,No,No,37,Yes,FIBER OPTIC,No,No,No,Month-to-month,Mailed check,70.35,2552.9,No
7868-TMWMZ,F,1,Yes,No,60,Yes,FIBER OPTIC,Yes,Yes,Yes,Two year,Bank transfer (automatic),110.0,6668.35,No
4822-RVYBB,M,1,No,No,8,Yes,FIBER OPTIC,No,No,Yes,Month-to-month,Electronic check,100.6,819.4,Yes
6732-FZUGP,F,0,No,No,47,Yes,FIBER OPTIC,Yes,No,Yes,One year,Credit card (automatic),94.9,4615.25,No
8436-BJUMM,M,0,Yes,Yes,26,Yes,FIBER OPTIC,No,No,Yes,Month-to-month,Electronic check,83.75,2070.6,Yes
4184-TJFAN,F,1,Yes,Yes,3,Yes,FIBER OPTIC,Yes,Yes,Yes,Month-to-month,Mailed check,88.3,273.75,Yes
8329-GWVPJ,F,0,Yes,Yes,50,Yes,FIBER OPTIC,No,No,No,Month-to-month,Bank transfer (automatic),69.75,3557.7,No
1352-VHKAJ,M,0,Yes,Yes,27,Yes,DSL,No,Yes,Yes,Month-to-month,Bank transfer (automatic),71.6,1957.1,No
4145-UQXUQ,F,1,No,No,8,Yes,FIBER OPTIC,No,No,Yes,Month-to-month,Electronic check,92.1,729.95,Yes
2632-TACXW,F,0,Yes,No,62,Yes,NO,No internet service,No internet service,No internet service,Two year,Bank transfer (automatic),23.65,1416.75,No
8146-QQKZH,F,0,Yes,No,71,Yes,DSL,Yes,Yes,Yes,Two year,Bank transfer (automatic),81.85,5924.4,No
1767-CJKBA,M,0,No,No,66,Yes,NO,No internet service,No internet service,No internet service,Two year,Mailed check,25.1,1697.7,No
6445-TNRXS,M,0,Yes,Yes,68,Yes,FIBER OPTIC,Yes,Yes,Yes,Two year,Bank transfer (automatic),114.7,7849.85,No
4581-LNWUM,F,0,No,No,13,Yes,DSL,No,No,Yes,Month-to-month,Electronic check,49.15,649.4,No
4869-EPIUS,M,0,Yes,No,56,Yes,FIBER OPTIC,No,No,No,One year,Electronic check,80.9,4557.5,No
9948-YPTDG,M,0,Yes,No,38,Yes,FIBER OPTIC,Yes,No,No,Month-to-month,Electronic check,79.45,3013.05,Yes
1236-WFCDV,M,1,No,No,14,Yes,FIBER OPTIC,No,No,Yes,Month-to-month,Credit card (automatic),90.45,1266.1,Yes
1915-OAKWD,F,0,No,Yes,16,Yes,NO,No internet service,No internet service,No internet service,One year,Bank transfer (automatic),19.3,360.35,No
7296-PIXQY,F,0,Yes,Yes,14,Yes,FIBER OPTIC,No,No,No,Month-to-month,Electronic check,70.2,1046.5,No
4883-QICIH,M,0,Yes,Yes,32,Yes,FIBER OPTIC,No,No,No,Month-to-month,Bank transfer (automatic),69.75,2347.9,Yes
3354-OADJP,F,0,No,No,8,Yes,DSL,Yes,Yes,No,One year,Bank transfer (automatic),54.25,447.75,No
3524-WQDSG,F,0,Yes,Yes,43,Yes,FIBER OPTIC,No,No,Yes,Month-to-month,Bank transfer (automatic),99.3,4209.95,No
0810-DHDBD,F,0,No,No,52,Yes,DSL,Yes,Yes,Yes,One year,Credit card (automatic),74.0,3877.65,No
4026-SKKHW,M,0,No,No,3,Yes,DSL,No,Yes,No,Month-to-month,Mailed check,50.25,152.3,No
2829-HYVZP,M,0,No,No,29,Yes,NO,No internet service,No internet service,No internet service,One year,Mailed check,19.8,572.2,No
8329-IBCTI,F,0,No,No,1,Yes,NO,No internet service,No internet service,No internet service,Month-to-month,Mailed check,19.65,19.65,Yes
1271-SJBGZ,M,1,No,No,12,Yes,DSL,No,Yes,No,Month-to-month,Electronic check,43.65,526.95,Yes
3845-JHAMY,F,0,Yes,Yes,16,Yes,DSL,No,No,No,Month-to-month,Credit card (automatic),35.5,552.7,No
7013-PSXHK,F,0,No,No,40,Yes,DSL,No,Yes,Yes,One year,Mailed check,80.75,3208.65,No
5669-SRAIP,F,0,No,No,5,Yes,DSL,No,No,No,Month-to-month,Electronic check,39.5,210.75,Yes
5981-ITEMU,M,0,Yes,No,40,Yes,FIBER OPTIC,No,No,Yes,Month-to-month,Bank transfer (automatic),97.1,3706.95,Yes
3486-NPGST,F,0,No,No,36,Yes,NO,No internet service,No internet service,No internet service,One year,Mailed check,19.55,620.75,No
6941-PMGEP,F,0,No,No,5,Yes,FIBER OPTIC,No,No,No,Month-to-month,Electronic check,80.0,412.5,Yes
1624-WOIWJ,F,0,No,No,10,Yes,FIBER OPTIC,Yes,No,Yes,Month-to-month,Mailed check,84.7,832.05,Yes
2074-GKOWZ,M,0,Yes,Yes,2,Yes,FIBER OPTIC,No,No,Yes,Month-to-month,Bank transfer (automatic),89.55,185.55,Yes
0376-YMCJC,M,0,No,No,23,Yes,FIBER OPTIC,No,Yes,Yes,Month-to-month,Electronic check,90.6,1943.2,Yes
6100-FJZDG,M,0,Yes,Yes,26,Yes,NO,No internet service,No internet service,No internet service,One year,Bank transfer (automatic),20.05,505.9,No
4829-ZLJTK,F,1,Yes,No,72,Yes,FIBER OPTIC,Yes,No,Yes,Two year,Electronic check,112.4,8046.85,No
1730-VFMWO,F,0,Yes,No,34,Yes,DSL,No,Yes,No,Month-to-month,Bank transfer (automatic),50.2,1815.3,No
7143-BQIBA,M,0,No,No,10,Yes,DSL,Yes,Yes,Yes,Month-to-month,Bank transfer (automatic),62.25,612.95,No
3800-LYTRK,F,0,No,No,14,Yes,DSL,Yes,Yes,No,One year,Mailed check,55.7,795.15,No
0634-SZPQA,F,0,No,No,23,Yes,FIBER OPTIC,Yes,No,Yes,Month-to-month,Bank transfer (automatic),90.05,2169.8,Yes
9646-NMHXE,M,0,Yes,No,47,Yes,NO,No internet service,No internet service,No internet service,Two year,Mailed check,19.65,973.1,No
7030-NJVDP,M,0,Yes,No,24,Yes,FIBER OPTIC,Yes,Yes,No,Month-to-month,Electronic check,89.25,2210.2,No
5536-RTPWK,M,0,Yes,No,49,Yes,FIBER OPTIC,No,No,Yes,Month-to-month,Bank transfer (automatic),99.05,4853.75,Yes
8883-GRDWQ,M,1,No,No,20,Yes,DSL,Yes,Yes,No,One year,Mailed check,54.0,1055.9,No
6166-ILMNY,F,0,No,No,2,Yes,FIBER OPTIC,No,No,No,Month-to-month,Bank transfer (automatic),69.75,144.55,Yes
3097-NNSPB,F,0,No,No,2,Yes,DSL,No,No,No,Month-to-month,Credit card (automatic),49.05,91.1,Yes
7771-ZONAT,M,0,No,No,22,Yes,DSL,No,Yes,Yes,Two year,Bank transfer (automatic),56.75,1304.85,No
0655-RBDUG,M,0,No,No,7,Yes,FIBER OPTIC,No,No,Yes,Month-to-month,Bank transfer (automatic),98.05,713.0,Yes
2111-DWYHN,M,0,No,No,1,Yes,NO,No internet service,No internet service,No internet service,Month-to-month,Mailed check,21.1,21.1,No
4194-WHFCB,F,0,Yes,Yes,59,Yes,FIBER OPTIC,No,Yes,No,Month-to-month,Bank transfer (automatic),96.65,5580.8,No
4121-AGSIN,F,0,Yes,Yes,58,Yes,NO,No internet service,No internet service,No internet service,One year,Credit card (automatic),24.5,1497.9,No
4361-BKAXE,F,0,No,No,41,Yes,FIBER OPTIC,Yes,Yes,Yes,Month-to-month,Bank transfer (automatic),114.5,4527.45,Yes
9845-PEEKO,F,1,No,No,59,Yes,FIBER OPTIC,No,No,No,Two year,Credit card (automatic),79.2,4590.35,No
0455-XFASS,F,0,Yes,Yes,3,Yes,FIBER OPTIC,No,No,No,Month-to-month,Electronic check,69.55,200.2,No
0301-KOBTQ,M,0,No,No,32,Yes,NO,No internet service,No internet service,No internet service,Two year,Bank transfer (automatic),20.05,614.45,No
1751-NCDLI,M,1,Yes,No,46,Yes,FIBER OPTIC,No,No,Yes,Month-to-month,Electronic check,98.85,4564.9,No
4367-NUYAO,M,0,Yes,Yes,0,Yes,NO,No internet service,No internet service,No internet service,Two year,Mailed check,25.75,25.75,No
9878-TNQGW,M,0,No,No,2,Yes,FIBER OPTIC,No,No,No,Month-to-month,Electronic check,80.95,171.15,Yes
9170-ARBTB,F,0,Yes,Yes,52,Yes,NO,No internet service,No internet service,No internet service,One year,Credit card (automatic),19.6,1012.4,No
4441-NIHPT,F,1,No,No,13,Yes,FIBER OPTIC,No,No,No,Month-to-month,Electronic check,74.3,940.35,Yes
8999-BOHSE,F,1,No,No,11,Yes,FIBER OPTIC,No,No,Yes,Month-to-month,Bank transfer (automatic),89.7,1047.7,Yes
7241-AJHFS,M,0,No,No,32,Yes,FIBER OPTIC,Yes,Yes,No,Month-to-month,Bank transfer (automatic),87.65,2766.4,No
7029-RPUAV,M,1,Yes,No,17,Yes,FIBER OPTIC,No,No,Yes,Month-to-month,Credit card (automatic),100.45,1622.45,Yes
4546-FOKWR,F,0,No,No,16,Yes,FIBER OPTIC,No,No,No,Month-to-month,Credit card (automatic),74.75,1129.35,No
9036-CSKBW,F,0,No,No,51,Yes,FIBER OPTIC,Yes,No,Yes,One year,Bank transfer (automatic),107.45,5680.9,No
5832-TRLPB,M,0,No,No,29,Yes,DSL,No,Yes,Yes,One year,Bank transfer (automatic),75.35,2243.9,No
8590-YFFQO,M,0,Yes,No,70,Yes,DSL,Yes,Yes,No,Two year,Credit card (automatic),64.95,4523.25,No
8659-IOOPU,F,0,Yes,Yes,71,Yes,FIBER OPTIC,Yes,Yes,No,Two year,Electronic check,100.45,7159.7,No
1338-CECEE,M,0,Yes,Yes,41,Yes,DSL,No,No,Yes,One year,Bank transfer (automatic),68.5,2839.95,No
7439-DKZTW,M,0,No,No,1,Yes,FIBER OPTIC,No,No,Yes,Month-to-month,Electronic check,80.55,80.55,No
4646-QZXTF,F,0,Yes,No,7,Yes,DSL,Yes,Yes,Yes,Month-to-month,Bank transfer (automatic),81.25,580.1,No
4607-CHPCA,M,0,Yes,Yes,25,Yes,FIBER OPTIC,No,No,Yes,One year,Electronic check,90.4,2178.6,Yes
9742-XOKTS,M,0,Yes,Yes,67,Yes,FIBER OPTIC,Yes,Yes,No,One year,Electronic check,89.55,6038.55,No
6921-OZMFH,M,0,Yes,Yes,5,Yes,DSL,No,Yes,No,Month-to-month,Mailed check,55.7,259.4,No
9578-FOMUK,M,0,No,Yes,15,Yes,NO,No internet service,No internet service,No internet service,Month-to-month,Electronic check,24.8,324.15,No
4712-UYOOI,F,0,Yes,Yes,20,Yes,NO,No internet service,No internet service,No internet service,Month-to-month,Electronic check,20.0,417.65,No
8824-RWFXJ,M,0,Yes,Yes,3,Yes,DSL,No,No,No,Month-to-month,Mailed check,56.15,168.15,Yes
7722-CVFXN,M,0,Yes,Yes,54,Yes,FIBER OPTIC,No,Yes,Yes,One year,Electronic check,105.2,5637.85,No
8717-VCTXJ,M,0,No,No,42,Yes,NO,No internet service,No internet service,No internet service,One year,Mailed check,19.55,839.4,No
7363-QTBIW,F,0,Yes,No,9,Yes,FIBER OPTIC,No,No,No,Month-to-month,Electronic check,79.75,769.1,No
4159-NAAIX,F,0,No,No,63,Yes,FIBER OPTIC,No,No,Yes,Two year,Bank transfer (automatic),97.45,6253.0,No
0971-QIFJK,F,0,Yes,No,69,Yes,NO,No internet service,No internet service,No internet service,Two year,Bank transfer (automatic),24.25,1641.8,No
9397-TZSHA,F,0,No,No,69,Yes,NO,No internet service,No internet service,No internet service,Two year,Credit card (automatic),24.6,1678.05,No
3391-JSQEW,M,0,Yes,No,40,Yes,DSL,No,No,No,Month-to-month,Mailed check,50.15,2058.5,No
0343-QLUZP,M,0,No,No,60,Yes,DSL,Yes,No,No,Two year,Bank transfer (automatic),39.6,2424.5,No
9763-PDTKK,F,0,No,No,4,Yes,FIBER OPTIC,Yes,Yes,No,Month-to-month,Bank transfer (automatic),94.4,387.2,Yes
2176-LVPNX,F,1,No,No,71,Yes,DSL,Yes,Yes,Yes,Two year,Mailed check,89.85,6293.45,No
7627-JKIAZ,F,0,Yes,No,37,Yes,FIBER OPTIC,No,No,No,Month-to-month,Credit card (automatic),78.95,2839.65,Yes
3312-UUMZW,M,0,Yes,No,32,Yes,FIBER OPTIC,No,No,Yes,Month-to-month,Credit card (automatic),98.85,3145.9,No
1271-UODNO,M,0,No,No,39,Yes,DSL,No,Yes,No,Two year,Credit card (automatic),53.85,2200.7,No
8461-EFQYM,F,0,No,No,38,Yes,NO,No internet service,No internet service,No internet service,One year,Electronic check,24.25,914.4,No
6900-RBKER,M,0,No,No,52,Yes,FIBER OPTIC,No,No,No,Two year,Credit card (automatic),89.45,4577.75,No
6891-JPYFF,F,0,Yes,Yes,48,Yes,FIBER OPTIC,Yes,No,Yes,Month-to-month,Credit card (automatic),105.25,4997.5,No
1459-QNFQT,M,0,Yes,Yes,70,Yes,DSL,Yes,Yes,Yes,Two year,Bank transfer (automatic),59.5,4144.8,No
1047-NNCBF,M,0,No,No,20,Yes,FIBER OPTIC,No,No,No,Month-to-month,Credit card (automatic),70.55,1493.55,No
3696-XRIEN,F,0,No,No,50,Yes,DSL,Yes,Yes,Yes,One year,Credit card (automatic),82.5,4179.1,No
4081-DYXAV,F,0,No,No,19,Yes,DSL,No,No,Yes,One year,Credit card (automatic),44.85,893.55,Yes
0074-HDKDG,M,0,Yes,Yes,25,Yes,DSL,Yes,No,No,One year,Bank transfer (automatic),61.6,1611.0,No
8791-GFXLZ,M,0,No,No,12,Yes,DSL,No,No,No,Month-to-month,Bank transfer (automatic),49.05,593.05,No
8111-SLLHI,M,1,Yes,No,39,Yes,FIBER OPTIC,No,No,Yes,Month-to-month,Electronic check,105.65,4284.8,Yes
0927-LCSMG,M,0,No,No,7,Yes,FIBER OPTIC,No,No,No,Month-to-month,Mailed check,74.65,544.55,Yes
9330-DHBFL,F,0,Yes,Yes,23,Yes,DSL,Yes,Yes,No,One year,Mailed check,66.25,1533.8,No
0098-BOWSO,M,0,No,No,27,Yes,NO,No internet service,No internet service,No internet service,Month-to-month,Electronic check,19.4,529.8,No
3452-ABWRL,M,1,No,No,47,Yes,FIBER OPTIC,No,No,Yes,Month-to-month,Credit card (automatic),86.05,3865.6,No
5859-HZYLF,M,0,Yes,Yes,26,Yes,NO,No internet service,No internet service,No internet service,Two year,Credit card (automatic),19.15,515.75,No
8257-RZAHR,F,0,Yes,No,14,Yes,DSL,Yes,No,Yes,Month-to-month,Bank transfer (automatic),64.7,941.0,Yes
5293-WXJAK,F,1,Yes,No,11,Yes,FIBER OPTIC,No,Yes,Yes,Month-to-month,Bank transfer (automatic),104.05,1133.65,Yes
3156-QLHBO,M,0,No,Yes,2,Yes,NO,No internet service,No internet service,No internet service,Month-to-month,Mailed check,19.25,48.35,No
2208-NQBCT,F,0,Yes,Yes,26,Yes,FIBER OPTIC,Yes,No,No,Month-to-month,Electronic check,81.95,2070.05,No
1779-PWPMG,F,1,Yes,No,72,Yes,FIBER OPTIC,Yes,Yes,Yes,Two year,Bank transfer (automatic),114.65,8333.95,No
6621-NRZAK,F,0,Yes,Yes,63,Yes,NO,No internet service,No internet service,No internet service,Two year,Credit card (automatic),20.0,1209.25,No
0831-JNISG,M,0,Yes,Yes,71,Yes,NO,No internet service,No internet service,No internet service,Two year,Mailed check,19.8,1396.25,No
0774-IFUVM,M,0,Yes,Yes,11,Yes,DSL,Yes,No,Yes,Month-to-month,Bank transfer (automatic),65.15,723.35,No
3082-WQRVY,M,1,Yes,No,14,Yes,NO,No internet service,No internet service,No internet service,One year,Mailed check,19.65,228.65,No
9553-DLCLU,F,0,No,Yes,13,Yes,DSL,Yes,Yes,Yes,Two year,Credit card (automatic),88.95,1161.75,No
1641-BYBTK,M,0,No,Yes,6,Yes,NO,No internet service,No internet service,No internet service,Month-to-month,Mailed check,20.2,98.35,No
2460-NGXBJ,M,1,Yes,Yes,11,Yes,FIBER OPTIC,No,No,No,Month-to-month,Credit card (automatic),75.2,775.3,No
2446-ZKVAF,M,0,Yes,No,18,Yes,DSL,No,No,No,Month-to-month,Credit card (automatic),56.8,1074.65,No
0841-NULXI,M,0,No,No,1,Yes,DSL,No,No,No,Month-to-month,Electronic check,35.55,35.55,Yes
3522-CDKHF,F,0,Yes,No,32,Yes,FIBER OPTIC,Yes,No,No,Month-to-month,Bank transfer (automatic),75.5,2324.7,No
1430-SFQSA,M,0,No,No,29,Yes,DSL,Yes,Yes,No,One year,Mailed check,35.6,1072.6,No
0411-EZJZE,F,0,No,No,3,Yes,DSL,No,No,Yes,Month-to-month,Electronic check,60.25,170.5,No
7851-WZEKY,F,0,No,No,2,Yes,FIBER OPTIC,No,No,Yes,Month-to-month,Electronic check,95.15,196.9,Yes
8844-TONUD,M,0,Yes,Yes,13,Yes,FIBER OPTIC,No,No,Yes,Month-to-month,Mailed check,96.65,1162.85,Yes
8807-ARQET,F,0,No,No,41,Yes,DSL,No,No,No,Month-to-month,Electronic check,40.35,1677.85,No
8992-CEUEN,F,0,No,No,1,Yes,NO,No internet service,No internet service,No internet service,Month-to-month,Electronic check,18.85,18.85,No
4320-QMLLA,M,0,No,No,7,Yes,DSL,No,No,Yes,Month-to-month,Mailed check,54.85,370.4,No
8777-PVYGU,F,0,Yes,No,52,Yes,DSL,Yes,No,Yes,One year,Mailed check,64.3,3410.6,No
8292-ITGYJ,F,0,Yes,Yes,45,Yes,NO,No internet service,No internet service,No internet service,Two year,Bank transfer (automatic),24.65,1138.8,No
6870-ZWMNX,M,0,Yes,No,70,Yes,DSL,No,Yes,Yes,Two year,Credit card (automatic),76.1,5264.25,No
0621-CXBKL,F,0,No,No,53,Yes,NO,No internet service,No internet service,No internet service,Two year,Mailed check,18.7,1005.7,No
5268-DSMNQ,F,1,Yes,No,62,Yes,FIBER OPTIC,No,No,Yes,One year,Credit card (automatic),97.95,5936.55,No
5334-JLAXU,F,0,Yes,No,60,Yes,FIBER OPTIC,Yes,No,No,Month-to-month,Credit card (automatic),94.1,5475.9,No
4086-YQSNZ,F,1,Yes,No,3,Yes,FIBER OPTIC,No,No,Yes,Month-to-month,Electronic check,80.4,224.05,Yes
6242-MBHPK,F,1,Yes,No,23,Yes,FIBER OPTIC,Yes,No,Yes,Month-to-month,Electronic check,95.1,2326.05,No
5868-CZJDR,M,0,No,Yes,1,Yes,DSL,No,No,No,Month-to-month,Mailed check,31.35,31.35,Yes
9359-UGBTK,F,0,No,No,67,Yes,DSL,Yes,Yes,No,One year,Bank transfer (automatic),72.35,4991.5,No
0135-NMXAP,F,0,No,No,12,Yes,FIBER OPTIC,No,No,Yes,Month-to-month,Bank transfer (automatic),89.75,1052.4,Yes
4782-OSFXZ,F,1,Yes,No,71,Yes,DSL,Yes,Yes,No,Two year,Bank transfer (automatic),82.7,5831.2,No
6479-OAUSD,M,0,No,No,25,Yes,NO,No internet service,No internet service,No internet service,One year,Credit card (automatic),19.9,510.8,No
7129-ACFOG,F,0,No,No,5,Yes,DSL,Yes,No,No,Month-to-month,Electronic check,53.8,283.95,No
4189-NAKJS,M,0,No,No,26,Yes,DSL,No,No,No,One year,Credit card (automatic),51.55,1295.4,No
5562-BETPV,M,0,Yes,Yes,1,Yes,NO,No internet service,No internet service,No internet service,One year,Mailed check,19.65,19.65,No
1282-IHQAC,M,1,No,No,70,Yes,DSL,No,No,Yes,One year,Credit card (automatic),44.05,3011.65,No
9127-FHJBZ,M,0,Yes,Yes,72,Yes,FIBER OPTIC,Yes,Yes,Yes,Two year,Electronic check,114.0,8093.15,No
6270-OMFIW,M,0,Yes,No,60,Yes,FIBER OPTIC,No,No,Yes,One year,Electronic check,94.4,5610.25,Yes
1641-RQDAY,F,1,Yes,Yes,32,Yes,FIBER OPTIC,No,No,Yes,Month-to-month,Electronic check,100.4,3217.65,No
0107-WESLM,M,0,No,No,1,Yes,NO,No internet service,No internet service,No internet service,Month-to-month,Electronic check,19.85,19.85,Yes
6994-ORCWG,F,0,No,No,14,Yes,DSL,No,No,No,One year,Mailed check,54.25,773.2,No
1346-UFHAX,F,0,No,No,13,Yes,FIBER OPTIC,Yes,No,No,Month-to-month,Credit card (automatic),80.0,1029.35,No
3992-YWPKO,F,0,No,No,6,Yes,FIBER OPTIC,No,Yes,Yes,Month-to-month,Credit card (automatic),109.9,669.45,Yes
2933-XEUJM,F,0,No,No,46,Yes,DSL,Yes,No,Yes,Two year,Mailed check,79.2,3593.8,No
0125-LZQXK,M,0,No,No,15,Yes,FIBER OPTIC,No,Yes,Yes,Month-to-month,Electronic check,101.35,1553.95,Yes
5461-QKNTN,M,1,Yes,No,43,Yes,FIBER OPTIC,No,Yes,Yes,Month-to-month,Electronic check,94.3,3953.15,No
4835-YSJMR,M,0,No,No,39,Yes,DSL,No,Yes,No,Two year,Bank transfer (automatic),49.8,1971.15,No
8399-YNDCH,M,1,No,No,21,Yes,DSL,No,No,Yes,Month-to-month,Bank transfer (automatic),60.05,1236.15,Yes
3164-YAXFY,M,0,No,No,57,Yes,DSL,Yes,No,Yes,Month-to-month,Electronic check,53.75,3196.0,No
0887-WBJVH,F,0,Yes,No,53,Yes,FIBER OPTIC,No,Yes,Yes,One year,Electronic check,93.45,4872.2,No
4660-IRIBM,M,0,Yes,Yes,18,Yes,FIBER OPTIC,Yes,No,Yes,Month-to-month,Mailed check,87.9,1500.5,No
5673-FSSMF,F,0,No,No,1,Yes,DSL,No,No,No,Month-to-month,Electronic check,60.15,60.15,Yes
7670-ZBPOQ,F,0,Yes,No,58,Yes,DSL,Yes,Yes,No,One year,Bank transfer (automatic),61.05,3478.75,No
8089-UZWLX,F,1,No,No,71,Yes,FIBER OPTIC,No,No,Yes,Two year,Bank transfer (automatic),104.05,7413.55,No
0080-OROZO,F,0,No,No,35,Yes,FIBER OPTIC,No,Yes,Yes,One year,Electronic check,99.25,3532.0,No
3916-NRPAP,M,0,No,No,3,Yes,FIBER OPTIC,No,No,No,Month-to-month,Credit card (automatic),85.7,256.75,No
6807-SIWJI,M,0,No,No,38,Yes,FIBER OPTIC,Yes,No,Yes,One year,Electronic check,104.85,3887.25,No
8221-HVAYI,M,0,Yes,Yes,35,Yes,DSL,Yes,Yes,No,Two year,Credit card (automatic),69.15,2490.15,No
1579-KLYDT,M,0,No,No,7,Yes,FIBER OPTIC,No,No,Yes,Month-to-month,Electronic check,90.45,593.45,Yes
5232-NXPAY,F,0,No,No,47,Yes,DSL,No,Yes,Yes,Two year,Mailed check,74.45,3510.3,No
8967-SZQAS,F,0,No,No,14,Yes,DSL,No,No,No,Month-to-month,Electronic check,50.45,765.45,No
4468-KAZHE,F,1,Yes,No,20,Yes,DSL,No,No,No,Month-to-month,Electronic check,60.0,1259.35,No
0455-ENTCR,M,0,Yes,No,66,Yes,DSL,Yes,Yes,Yes,Two year,Electronic check,85.25,5538.35,No
8944-AILEF,M,0,Yes,No,15,Yes,NO,No internet service,No internet service,No internet service,Month-to-month,Credit card (automatic),19.45,340.85,No
5542-NKVRU,F,0,No,No,42,Yes,NO,No internet service,No internet service,No internet service,Two year,Bank transfer (automatic),20.75,844.45,No
7126-RBHSD,F,0,Yes,No,17,Yes,FIBER OPTIC,Yes,No,No,Month-to-month,Electronic check,78.9,1348.95,No
5370-IIVVL,M,0,No,No,37,Yes,FIBER OPTIC,No,Yes,Yes,One year,Credit card (automatic),104.5,3778.0,No
6789-HJBWG,F,0,No,No,12,Yes,DSL,No,No,No,Month-to-month,Electronic check,49.4,611.65,No
3927-NLNRY,M,0,Yes,No,53,Yes,FIBER OPTIC,No,No,Yes,One year,Bank transfer (automatic),94.25,4867.95,Yes
9087-EYCPR,F,0,No,No,60,Yes,NO,No internet service,No internet service,No internet service,Two year,Mailed check,25.0,1505.05,No
6791-YBNAK,M,0,Yes,Yes,18,Yes,DSL,No,No,No,Month-to-month,Credit card (automatic),25.55,467.85,No
6358-LYNGM,M,0,No,No,1,Yes,FIBER OPTIC,No,No,No,Month-to-month,Electronic check,74.9,74.9,Yes
6077-BDPXA,F,0,No,No,3,Yes,FIBER OPTIC,No,No,No,Month-to-month,Electronic check,70.15,194.2,No
0013-MHZWF,F,0,No,Yes,9,Yes,DSL,No,Yes,Yes,Month-to-month,Credit card (automatic),69.4,571.45,No
5494-HECPR,F,0,No,No,1,Yes,FIBER OPTIC,No,No,Yes,Month-to-month,Electronic check,80.25,80.25,Yes
8268-YDIXR,M,0,Yes,No,56,Yes,FIBER OPTIC,Yes,No,No,One year,Electronic check,93.15,5253.95,No
9824-BEMCV,M,0,Yes,Yes,17,Yes,FIBER OPTIC,No,No,No,Month-to-month,Electronic check,69.0,1149.65,Yes
1373-ORVIZ,F,0,Yes,Yes,11,Yes,DSL,No,Yes,No,Month-to-month,Electronic check,66.35,740.8,Yes
4291-SHSBH,M,0,No,No,7,Yes,FIBER OPTIC,No,No,No,Month-to-month,Electronic check,69.55,521.35,No
6980-IMXXE,F,0,Yes,Yes,69,Yes,NO,No internet service,No internet service,No internet service,Two year,Bank transfer (automatic),20.2,1412.65,No
9866-QEVEE,M,0,No,No,19,Yes,FIBER OPTIC,No,No,No,Month-to-month,Bank transfer (automatic),86.0,1532.45,Yes
9897-KXHCM,F,0,Yes,Yes,3,Yes,FIBER OPTIC,No,No,No,Month-to-month,Electronic check,80.3,250.05,Yes
0040-HALCW,M,0,Yes,Yes,54,Yes,NO,No internet service,No internet service,No internet service,Two year,Credit card (automatic),20.4,1090.6,No
0784-GTUUK,M,0,Yes,No,62,Yes,NO,No internet service,No internet service,No internet service,One year,Credit card (automatic),23.75,1446.8,No
7979-CORPM,M,0,No,No,24,Yes,FIBER OPTIC,No,No,Yes,Month-to-month,Credit card (automatic),90.55,2282.55,Yes
2294-DMMUS,F,0,Yes,Yes,62,Yes,DSL,No,No,Yes,Month-to-month,Credit card (automatic),70.45,4300.45,No
0872-JCPIB,M,0,No,No,17,Yes,DSL,Yes,No,No,Month-to-month,Bank transfer (automatic),65.75,1111.2,No
3055-MJDSB,M,0,No,No,9,Yes,DSL,No,No,No,Month-to-month,Mailed check,24.6,190.1,No
9091-WTUUY,M,0,Yes,Yes,64,Yes,DSL,Yes,Yes,Yes,Two year,Mailed check,69.25,4447.75,No
1618-CFHME,F,0,No,No,2,Yes,FIBER OPTIC,No,No,No,Month-to-month,Electronic check,75.9,143.35,Yes
3165-HDOEW,M,0,Yes,Yes,1,Yes,DSL,No,No,No,Month-to-month,Mailed check,45.85,45.85,Yes
6581-NQCBA,F,0,Yes,No,16,Yes,DSL,No,Yes,Yes,Month-to-month,Electronic check,49.95,810.2,Yes
7115-IRDHS,F,0,Yes,No,72,Yes,NO,No internet service,No internet service,No internet service,Two year,Bank transfer (automatic),24.65,1830.05,No
8496-DMZUK,M,0,No,No,30,Yes,FIBER OPTIC,Yes,No,No,One year,Bank transfer (automatic),90.4,2820.65,No
2040-VZIKE,F,0,Yes,No,49,Yes,FIBER OPTIC,Yes,No,Yes,Month-to-month,Mailed check,100.85,4847.35,No
9068-VPWQQ,M,0,Yes,No,61,Yes,DSL,Yes,Yes,No,Two year,Credit card (automatic),75.35,4729.3,No
0178-SZBHO,M,0,Yes,Yes,47,Yes,FIBER OPTIC,No,No,Yes,Month-to-month,Electronic check,87.2,4017.45,No
0384-RVBPI,M,0,No,No,20,Yes,DSL,Yes,No,No,Month-to-month,Credit card (automatic),64.4,1398.6,No
1689-MRZQR,M,0,Yes,Yes,34,Yes,FIBER OPTIC,No,No,Yes,Month-to-month,Electronic check,78.3,2564.3,Yes
1299-AURJA,F,0,Yes,Yes,70,Yes,NO,No internet service,No internet service,No internet service,Two year,Bank transfer (automatic),24.7,1685.9,No
4525-VZCZG,M,0,No,Yes,54,Yes,FIBER OPTIC,Yes,Yes,Yes,One year,Electronic check,105.85,5826.65,No
1543-LLLFT,M,1,Yes,No,61,Yes,FIBER OPTIC,No,Yes,Yes,One year,Mailed check,98.3,6066.55,No
5835-BEQEU,M,0,No,No,3,Yes,FIBER OPTIC,No,No,No,Month-to-month,Electronic check,76.95,228.4,Yes
2788-CJQAQ,M,0,No,No,13,Yes,NO,No internet service,No internet service,No internet service,One year,Mailed check,19.45,270.2,No
5565-FILXA,F,1,No,No,16,Yes,FIBER OPTIC,No,No,Yes,Month-to-month,Electronic check,96.15,1529.2,Yes
0319-QZTCO,F,0,Yes,Yes,3,Yes,DSL,No,No,Yes,Month-to-month,Credit card (automatic),58.7,168.6,No
2120-SMPEX,M,0,No,No,25,Yes,NO,No internet service,No internet service,No internet service,Month-to-month,Mailed check,20.15,536.35,No
0096-FCPUF,M,0,No,No,30,Yes,DSL,Yes,No,No,Month-to-month,Mailed check,64.5,1888.45,No
0668-OGMHD,F,0,Yes,No,21,Yes,DSL,Yes,No,No,Month-to-month,Electronic check,28.5,629.35,No
5552-ZNFSJ,M,0,No,No,1,Yes,DSL,No,No,No,Month-to-month,Electronic check,45.3,45.3,Yes
2223-KAGMX,F,0,No,No,15,Yes,NO,No internet service,No internet service,No internet service,Month-to-month,Bank transfer (automatic),19.4,289.3,Yes
6507-ZJSUR,M,1,Yes,No,23,Yes,FIBER OPTIC,No,No,Yes,Month-to-month,Electronic check,90.45,2117.25,No
9408-HRXRK,F,0,Yes,Yes,45,Yes,FIBER OPTIC,Yes,No,Yes,Month-to-month,Electronic check,105.15,4730.9,No
5593-SUAOO,F,0,Yes,Yes,24,Yes,FIBER OPTIC,No,No,No,One year,Bank transfer (automatic),83.15,2033.05,No
7321-PKUYW,F,0,No,No,11,Yes,FIBER OPTIC,No,Yes,Yes,Month-to-month,Electronic check,90.15,987.95,Yes
2833-SLKDQ,M,0,No,No,1,Yes,DSL,No,No,No,Month-to-month,Mailed check,45.05,45.05,Yes
6766-HFKLA,F,0,Yes,No,56,Yes,FIBER OPTIC,No,Yes,Yes,Two year,Bank transfer (automatic),103.2,5744.35,No
7595-EUIVN,F,0,No,No,1,Yes,FIBER OPTIC,No,No,No,Month-to-month,Electronic check,75.8,75.8,Yes
7617-EYGLW,M,0,No,No,1,Yes,NO,No internet service,No internet service,No internet service,Month-to-month,Electronic check,19.45,19.45,No
2026-TGDHM,F,0,No,No,7,Yes,FIBER OPTIC,No,No,No,Month-to-month,Electronic check,79.3,523.15,Yes
9220-ZNKJI,F,1,Yes,No,55,Yes,FIBER OPTIC,No,Yes,Yes,Two year,Credit card (automatic),88.8,4805.3,No
4030-VPZBD,F,0,No,No,2,Yes,DSL,No,Yes,No,Month-to-month,Electronic check,30.9,59.05,Yes
2226-ICFDO,F,0,Yes,Yes,72,Yes,DSL,Yes,Yes,Yes,Two year,Credit card (automatic),85.9,6110.75,No
0723-VSOBE,F,1,No,No,45,Yes,DSL,No,No,No,One year,Electronic check,34.2,1596.6,No
5529-GIBVH,F,0,No,No,47,Yes,NO,No internet service,No internet service,No internet service,Two year,Mailed check,20.15,1046.2,No
4187-CINZD,F,1,No,No,46,Yes,FIBER OPTIC,No,No,Yes,One year,Credit card (automatic),95.25,4424.2,Yes
9992-UJOEL,M,0,No,No,2,Yes,DSL,No,No,No,Month-to-month,Mailed check,50.3,92.75,No
4741-WWJQZ,F,0,Yes,No,2,Yes,FIBER OPTIC,Yes,Yes,No,Month-to-month,Electronic check,80.15,194.55,No
6625-UTXEW,F,0,Yes,No,12,Yes,DSL,No,No,No,Month-to-month,Electronic check,51.25,612.1,No
6818-WOBHJ,F,1,Yes,No,68,Yes,FIBER OPTIC,No,No,No,Month-to-month,Bank transfer (automatic),89.6,6127.6,Yes
6244-BESBM,M,0,Yes,Yes,69,Yes,FIBER OPTIC,No,Yes,Yes,Two year,Credit card (automatic),95.2,6671.7,No
1004-NOZNR,M,1,No,Yes,56,Yes,FIBER OPTIC,Yes,No,Yes,One year,Credit card (automatic),94.8,5264.3,No
1251-STYSZ,F,1,No,No,4,Yes,FIBER OPTIC,Yes,No,No,Month-to-month,Electronic check,80.25,303.7,No
2612-PHGOX,M,0,Yes,No,64,Yes,DSL,No,Yes,Yes,Two year,Bank transfer (automatic),76.1,4818.8,No
2408-TZMJL,M,0,Yes,No,59,Yes,FIBER OPTIC,Yes,No,Yes,One year,Electronic check,110.15,6448.05,Yes
8480-PPONV,M,0,Yes,Yes,62,Yes,FIBER OPTIC,Yes,Yes,Yes,Two year,Bank transfer (automatic),115.55,7159.05,No
8780-IHCRN,M,0,Yes,Yes,63,Yes,NO,No internet service,No internet service,No internet service,Two year,Credit card (automatic),24.65,1574.5,No
4598-ZADCK,F,0,No,No,53,Yes,DSL,Yes,Yes,Yes,One year,Electronic check,53.6,2879.2,No
1257-SXUXQ,M,0,Yes,Yes,5,Yes,NO,No internet service,No internet service,No internet service,Month-to-month,Mailed check,19.45,86.05,No
9681-KYGYB,M,1,Yes,No,49,Yes,FIBER OPTIC,Yes,No,No,Month-to-month,Electronic check,88.2,4159.45,No
7182-OVLBJ,F,0,Yes,Yes,62,Yes,FIBER OPTIC,Yes,No,Yes,Two year,Bank transfer (automatic),101.15,6638.35,No
5095-ETBRJ,F,0,Yes,No,55,Yes,DSL,Yes,Yes,No,Two year,Mailed check,56.8,3112.05,No
7005-CYUIL,F,1,Yes,No,71,Yes,FIBER OPTIC,Yes,Yes,Yes,Two year,Electronic check,99.4,7168.25,No
4821-WQOYN,F,0,Yes,Yes,72,Yes,NO,No internet service,No internet service,No internet service,Two year,Credit card (automatic),20.1,1326.25,No
4730-AWNAU,M,0,Yes,Yes,36,Yes,DSL,Yes,Yes,Yes,One year,Credit card (automatic),60.7,2234.55,No
3452-FLHYD,M,0,Yes,No,25,Yes,NO,No internet service,No internet service,No internet service,One year,Bank transfer (automatic),20.95,495.15,No
2388-LAESQ,F,1,Yes,No,72,Yes,FIBER OPTIC,Yes,Yes,Yes,Two year,Bank transfer (automatic),114.85,8317.95,No
9531-NSBMR,F,0,No,No,36,Yes,NO,No internet service,No internet service,No internet service,One year,Bank transfer (automatic),19.25,679.8,No
6260-ONULR,M,0,No,No,1,Yes,DSL,No,No,Yes,Month-to-month,Mailed check,62.8,62.8,No
4389-UEFCZ,F,0,Yes,No,72,Yes,FIBER OPTIC,Yes,No,Yes,Two year,Electronic check,105.5,7544.0,No
8711-LOBKY,M,0,Yes,Yes,59,Yes,NO,No internet service,No internet service,No internet service,Two year,Mailed check,19.85,1188.25,No
9134-CEQMF,M,1,Yes,No,7,Yes,FIBER OPTIC,No,No,Yes,Month-to-month,Electronic check,89.5,676.7,Yes
8985-OOPOS,F,0,No,No,1,Yes,DSL,No,Yes,Yes,One year,Credit card (automatic),74.1,74.1,No
8800-ZKRFW,F,0,Yes,Yes,30,Yes,FIBER OPTIC,No,Yes,Yes,Month-to-month,Electronic check,107.5,3242.5,No
2616-FLVQC,M,0,No,No,64,Yes,NO,No internet service,No internet service,No internet service,Two year,Mailed check,19.55,1240.15,No
9968-FFVVH,M,0,No,No,63,Yes,DSL,Yes,Yes,No,One year,Bank transfer (automatic),68.8,4111.35,No
3108-PCCGG,M,1,Yes,No,72,Yes,DSL,Yes,No,Yes,Two year,Credit card (automatic),84.45,5899.85,No
7993-PYKOF,M,0,Yes,No,8,Yes,FIBER OPTIC,Yes,No,No,Month-to-month,Electronic check,75.0,632.95,Yes
8390-FESFV,F,0,No,No,62,Yes,DSL,No,Yes,Yes,Two year,Bank transfer (automatic),84.5,5193.2,No
3022-BEXHZ,M,0,Yes,Yes,67,Yes,FIBER OPTIC,No,Yes,Yes,Two year,Bank transfer (automatic),111.2,7530.8,No
5027-XWQHA,M,0,No,No,6,Yes,DSL,No,No,No,Month-to-month,Electronic check,44.75,270.95,Yes
6248-TKCQV,F,0,Yes,Yes,70,Yes,DSL,Yes,Yes,Yes,Two year,Bank transfer (automatic),80.6,5460.2,No
6729-GDNGC,F,1,No,No,20,Yes,FIBER OPTIC,No,No,Yes,Month-to-month,Bank transfer (automatic),80.7,1614.2,No
6198-ZFIOJ,F,0,No,No,5,Yes,FIBER OPTIC,No,No,No,Month-to-month,Electronic check,75.6,402.5,No
5989-OMNJE,F,0,Yes,Yes,24,Yes,DSL,Yes,No,Yes,One year,Electronic check,57.6,1367.75,No
4566-QVRRW,F,0,Yes,No,11,Yes,DSL,No,No,No,Month-to-month,Electronic check,44.05,483.7,Yes
1291-CUOCY,M,0,Yes,No,72,Yes,FIBER OPTIC,No,Yes,Yes,Two year,Credit card (automatic),110.6,7962.2,No
9795-SHUHB,F,0,Yes,Yes,66,Yes,DSL,Yes,Yes,No,Two year,Credit card (automatic),58.2,3810.8,No
3230-IUALN,F,0,Yes,Yes,45,Yes,DSL,Yes,Yes,Yes,Two year,Mailed check,81.0,3533.6,No
0042-RLHYP,F,0,Yes,Yes,69,Yes,NO,No internet service,No internet service,No internet service,Two year,Bank transfer (automatic),19.7,1396.9,No
8519-IMDHU,M,1,Yes,No,15,Yes,FIBER OPTIC,No,No,No,Month-to-month,Bank transfer (automatic),85.6,1345.55,Yes
4945-RVMTE,F,0,No,No,28,Yes,DSL,No,No,Yes,Month-to-month,Bank transfer (automatic),59.55,1646.45,No
0201-OAMXR,F,0,No,No,70,Yes,FIBER OPTIC,Yes,Yes,Yes,One year,Credit card (automatic),115.55,8127.6,Yes
1866-NXPSP,F,0,No,No,36,Yes,DSL,Yes,Yes,No,One year,Mailed check,75.55,2680.15,No
3372-KWFBM,M,1,No,No,16,Yes,FIBER OPTIC,No,No,Yes,Month-to-month,Electronic check,86.6,1281.0,Yes
7831-QGOXH,F,0,No,No,18,Yes,FIBER OPTIC,No,No,Yes,Month-to-month,Electronic check,85.2,1553.9,Yes
6393-WRYZE,F,0,Yes,No,34,Yes,FIBER OPTIC,No,No,Yes,Month-to-month,Electronic check,97.65,3207.55,Yes
3941-XTSKM,M,0,Yes,Yes,42,Yes,DSL,No,No,No,One year,Credit card (automatic),45.1,2049.05,No
1661-CZBAU,M,0,No,No,48,Yes,DSL,Yes,Yes,No,One year,Bank transfer (automatic),70.95,3629.2,No
6599-RCLCJ,M,0,Yes,No,47,Yes,FIBER OPTIC,No,Yes,Yes,Month-to-month,Electronic check,109.55,5124.55,Yes
9831-BPFRI,F,0,Yes,Yes,39,Yes,FIBER OPTIC,No,Yes,No,One year,Electronic check,89.55,3474.45,Yes
5158-RIVOP,F,0,Yes,Yes,11,Yes,NO,No internet service,No internet service,No internet service,Two year,Credit card (automatic),20.9,202.3,No
9788-YTFGE,M,0,No,No,7,Yes,NO,No internet service,No internet service,No internet service,Month-to-month,Mailed check,19.95,147.5,No
9277-JOOMO,F,0,No,No,3,Yes,NO,No internet service,No internet service,No internet service,Month-to-month,Mailed check,24.6,86.35,No
1907-YLNYW,M,0,No,No,8,Yes,DSL,Yes,No,No,Month-to-month,Electronic check,66.7,579.0,No
1725-MIMXW,M,0,No,Yes,1,Yes,NO,No internet service,No internet service,No internet service,Month-to-month,Mailed check,19.45,19.45,Yes
8947-YRTDV,M,0,Yes,Yes,32,Yes,FIBER OPTIC,Yes,No,No,One year,Mailed check,94.8,3131.55,No
3161-ONRWK,M,0,Yes,Yes,60,Yes,DSL,Yes,Yes,No,One year,Bank transfer (automatic),65.85,3928.3,No
0114-RSRRW,F,0,Yes,No,10,Yes,NO,No internet service,No internet service,No internet service,Month-to-month,Bank transfer (automatic),19.95,187.75,No
4565-NLZBV,F,0,Yes,No,71,Yes,NO,No internet service,No internet service,No internet service,Two year,Bank transfer (automatic),24.65,1710.15,No
0031-PVLZI,F,0,Yes,Yes,4,Yes,NO,No internet service,No internet service,No internet service,Month-to-month,Mailed check,20.35,76.35,Yes
7206-GZCDC,F,1,No,No,1,Yes,FIBER OPTIC,No,No,No,Month-to-month,Electronic check,69.25,69.25,Yes
6682-VCIXC,F,0,Yes,Yes,43,Yes,DSL,Yes,Yes,Yes,One year,Bank transfer (automatic),51.25,2151.6,No
4791-QRGMF,M,0,Yes,No,59,Yes,FIBER OPTIC,No,No,Yes,One year,Bank transfer (automatic),99.5,5961.1,Yes
6475-VHUIZ,F,0,Yes,No,23,Yes,DSL,No,Yes,No,Month-to-month,Electronic check,54.25,1221.55,No
3910-MRQOY,F,0,Yes,No,72,Yes,NO,No internet service,No internet service,No internet service,Two year,Bank transfer (automatic),19.4,1496.45,No
0661-WCQNQ,M,0,Yes,No,22,Yes,DSL,Yes,Yes,No,One year,Credit card (automatic),56.25,1292.2,No
7537-RBWEA,F,0,No,No,1,Yes,DSL,No,No,No,Month-to-month,Mailed check,25.15,25.15,No
4656-CAURT,M,0,No,No,69,Yes,NO,No internet service,No internet service,No internet service,Two year,Bank transfer (automatic),23.95,1713.1,No
0121-SNYRK,M,0,No,No,50,Yes,DSL,Yes,Yes,No,One year,Mailed check,35.4,1748.9,No
1768-ZAIFU,F,1,No,No,1,Yes,DSL,No,No,No,Month-to-month,Electronic check,25.2,25.2,Yes
4671-LXRDQ,M,0,No,No,2,Yes,DSL,No,No,No,Month-to-month,Mailed check,45.0,96.45,Yes
3733-LSYCE,F,0,Yes,No,15,Yes,FIBER OPTIC,No,No,No,Month-to-month,Bank transfer (automatic),75.35,1114.55,No
6265-FRMTQ,M,0,No,No,31,Yes,NO,No internet service,No internet service,No internet service,Two year,Bank transfer (automatic),20.4,609.1,No
1934-SJVJK,M,0,No,No,1,Yes,NO,No internet service,No internet service,No internet service,Month-to-month,Mailed check,20.15,20.15,Yes
3838-OZURD,M,0,Yes,No,66,Yes,FIBER OPTIC,No,No,Yes,Month-to-month,Credit card (automatic),105.0,7133.25,Yes
1371-DWPAZ,F,0,Yes,Yes,0,Yes,DSL,Yes,Yes,Yes,Two year,Credit card (automatic),56.05,56.05,No
9269-CQOOL,M,0,No,Yes,3,Yes,DSL,No,No,Yes,Month-to-month,Credit card (automatic),54.7,169.45,Yes
2017-CCBLH,F,0,No,No,8,Yes,NO,No internet service,No internet service,No internet service,Two year,Mailed check,20.0,141.6,No
7690-KPNCU,M,0,Yes,Yes,64,Yes,DSL,Yes,No,Yes,One year,Credit card (automatic),73.05,4688.65,No
0536-BGFMZ,F,0,Yes,No,28,Yes,NO,No internet service,No internet service,No internet service,Month-to-month,Mailed check,20.5,563.05,No
2293-IJWPS,F,0,Yes,No,57,Yes,FIBER OPTIC,No,No,Yes,One year,Credit card (automatic),100.75,5985.0,No
2845-HSJCY,F,0,Yes,Yes,14,Yes,FIBER OPTIC,No,No,No,Month-to-month,Electronic check,87.25,1258.6,Yes
5469-NUJUR,M,0,No,No,19,Yes,NO,No internet service,No internet service,No internet service,Two year,Mailed check,19.95,373.5,No
1184-PJVDB,M,0,Yes,No,10,Yes,FIBER OPTIC,No,No,Yes,Month-to-month,Electronic check,79.95,857.2,Yes
2625-TRCZQ,F,0,Yes,No,51,Yes,DSL,No,No,Yes,Month-to-month,Electronic check,49.65,2553.35,No
4102-HLENU,F,0,Yes,No,67,Yes,DSL,Yes,No,No,Two year,Mailed check,65.65,4322.85,No
7266-GSSJX,M,0,Yes,Yes,11,Yes,NO,No internet service,No internet service,No internet service,Month-to-month,Electronic check,20.45,250.8,No
7722-VJRQD,M,0,Yes,Yes,72,Yes,DSL,Yes,Yes,Yes,Two year,Bank transfer (automatic),60.95,4549.05,No
7073-QETQY,M,0,Yes,Yes,66,Yes,NO,No internet service,No internet service,No internet service,One year,Electronic check,20.35,1359.5,No
9415-DPEWS,F,0,No,No,18,Yes,FIBER OPTIC,No,Yes,Yes,Month-to-month,Electronic check,88.35,1639.3,Yes
5624-RYAMH,F,0,No,No,9,Yes,NO,No internet service,No internet service,No internet service,Month-to-month,Electronic check,19.5,178.85,No
0196-JTUQI,F,0,No,No,9,Yes,FIBER OPTIC,No,No,No,Month-to-month,Credit card (automatic),75.2,633.85,No
7130-YXBRO,M,0,Yes,No,48,Yes,FIBER OPTIC,Yes,No,Yes,Month-to-month,Bank transfer (automatic),111.45,5315.1,No
9272-LSVYH,M,0,No,No,10,Yes,FIBER OPTIC,No,No,No,Month-to-month,Mailed check,70.15,735.5,No
7943-RQCHR,F,0,No,No,9,Yes,FIBER OPTIC,No,No,Yes,Month-to-month,Electronic check,94.75,889.9,Yes
3793-MMFUH,F,1,No,No,13,Yes,FIBER OPTIC,No,No,Yes,Month-to-month,Electronic check,95.05,1290.0,Yes
3249-ZPQRG,M,0,No,No,4,Yes,FIBER OPTIC,No,No,No,Month-to-month,Electronic check,78.45,330.05,Yes
2568-BRGYX,M,0,No,No,4,Yes,FIBER OPTIC,No,No,No,Month-to-month,Electronic check,70.2,237.95,Yes
3084-DOWLE,F,0,Yes,No,72,Yes,DSL,Yes,Yes,Yes,Two year,Bank transfer (automatic),92.0,6474.4,No
1084-MNSMJ,F,0,Yes,Yes,51,Yes,DSL,Yes,Yes,Yes,Two year,Credit card (automatic),85.5,4421.95,No
7721-JXEAW,M,0,Yes,No,59,Yes,DSL,No,No,No,Month-to-month,Bank transfer (automatic),41.05,2452.7,Yes
7249-WBIYX,M,0,Yes,No,10,Yes,FIBER OPTIC,No,No,Yes,Month-to-month,Electronic check,85.6,813.85,Yes
4238-HFHSN,M,1,Yes,No,61,Yes,FIBER OPTIC,No,No,No,Month-to-month,Electronic check,82.15,4904.85,No
6250-CGGUN,M,0,No,No,54,Yes,FIBER OPTIC,Yes,Yes,No,One year,Electronic check,84.4,4484.05,No
5478-JJVZK,F,0,No,No,33,Yes,DSL,Yes,No,No,Month-to-month,Mailed check,60.9,2033.85,No
7596-IIWYC,F,0,No,No,27,Yes,NO,No internet service,No internet service,No internet service,Two year,Bank transfer (automatic),20.25,538.2,No
6567-HOOPW,F,1,No,No,1,Yes,FIBER OPTIC,No,No,Yes,Month-to-month,Electronic check,79.2,79.2,Yes
9793-WECQC,M,0,No,No,23,Yes,FIBER OPTIC,No,No,Yes,Month-to-month,Mailed check,95.3,2192.9,No
4291-HPAXL,M,0,No,Yes,1,Yes,NO,No internet service,No internet service,No internet service,Month-to-month,Mailed check,19.85,19.85,No
8999-YPYBV,M,0,Yes,Yes,45,Yes,DSL,Yes,Yes,Yes,Two year,Mailed check,84.35,3858.05,No
1839-FBNFR,F,0,Yes,Yes,39,Yes,NO,No internet service,No internet service,No internet service,Two year,Bank transfer (automatic),19.85,854.8,No
3164-AALRN,M,0,No,No,5,Yes,DSL,No,No,Yes,One year,Mailed check,70.0,347.4,Yes
3071-MVJCD,M,0,Yes,Yes,72,Yes,DSL,Yes,Yes,Yes,Two year,Bank transfer (automatic),82.3,5815.15,No
1697-BCSHV,F,0,Yes,Yes,58,Yes,DSL,No,No,Yes,Month-to-month,Bank transfer (automatic),66.8,3970.4,No
0562-KBDVM,F,0,No,No,70,Yes,DSL,Yes,Yes,No,Two year,Bank transfer (automatic),44.6,3058.15,No
1131-SUEKT,M,0,Yes,Yes,61,Yes,FIBER OPTIC,No,Yes,Yes,One year,Bank transfer (automatic),98.45,6145.2,No
3717-OEAUQ,M,0,No,No,2,Yes,FIBER OPTIC,No,No,No,Month-to-month,Mailed check,70.7,129.2,No
4538-WNTMJ,F,0,Yes,Yes,46,Yes,NO,No internet service,No internet service,No internet service,One year,Mailed check,24.95,1165.9,No
3334-CTHOL,F,0,No,No,1,Yes,DSL,No,No,No,Month-to-month,Bank transfer (automatic),49.95,49.95,Yes
4704-ERYFC,F,0,Yes,No,22,Yes,FIBER OPTIC,No,No,No,Month-to-month,Electronic check,69.25,1554.0,Yes
9432-RUVSL,F,0,No,No,48,Yes,FIBER OPTIC,Yes,Yes,Yes,Two year,Credit card (automatic),102.5,4904.25,No
8060-HIWJJ,M,0,No,No,64,Yes,DSL,No,Yes,Yes,Two year,Credit card (automatic),86.55,5632.55,No
7684-XSZIY,M,0,Yes,Yes,72,Yes,NO,No internet service,No internet service,No internet service,Two year,Bank transfer (automatic),24.3,1643.25,No
9089-UOWJG,F,0,Yes,Yes,12,Yes,DSL,No,No,Yes,Month-to-month,Credit card (automatic),58.35,740.55,No
8621-MNIHH,F,1,Yes,No,34,Yes,FIBER OPTIC,No,No,No,Month-to-month,Electronic check,94.25,3217.55,Yes
8039-ACLPL,F,0,Yes,Yes,72,Yes,DSL,Yes,No,No,Two year,Credit card (automatic),68.75,4888.2,No
9885-AIBVB,M,0,Yes,No,29,Yes,FIBER OPTIC,No,No,No,Month-to-month,Electronic check,85.8,2440.25,No
1934-MKPXS,M,0,Yes,Yes,33,Yes,NO,No internet service,No internet service,No internet service,One year,Credit card (automatic),20.1,620.55,No
2592-YKDIF,F,0,No,No,1,Yes,NO,No internet service,No internet service,No internet service,Month-to-month,Mailed check,20.35,20.35,No
2272-JKMSI,F,0,Yes,Yes,62,Yes,FIBER OPTIC,No,Yes,Yes,One year,Electronic check,110.8,6840.95,No
0471-LVHGK,M,0,Yes,No,41,Yes,DSL,No,No,Yes,One year,Electronic check,73.0,3001.2,Yes
9518-RWHZL,F,0,No,No,64,Yes,FIBER OPTIC,No,No,Yes,One year,Credit card (automatic),100.05,6254.2,Yes
8714-CTZJW,F,0,No,No,4,Yes,FIBER OPTIC,No,No,No,Month-to-month,Credit card (automatic),82.85,319.6,No
3569-EDBPQ,F,0,No,No,24,Yes,FIBER OPTIC,Yes,Yes,No,Month-to-month,Electronic check,84.35,1938.05,No
3131-NWVFJ,F,0,Yes,Yes,14,Yes,NO,No internet service,No internet service,No internet service,One year,Mailed check,19.55,294.5,No
7521-YXVZY,M,0,No,Yes,3,Yes,NO,No internet service,No internet service,No internet service,Month-to-month,Mailed check,19.95,58.3,No
5419-CONWX,F,1,No,No,4,Yes,FIBER OPTIC,No,No,Yes,Month-to-month,Credit card (automatic),99.8,442.85,Yes
6240-EURKS,F,0,No,Yes,18,Yes,DSL,No,No,No,Month-to-month,Electronic check,35.0,553.0,Yes
2373-NTKOD,M,0,No,No,8,Yes,DSL,No,No,Yes,Month-to-month,Electronic check,66.25,546.45,No
1970-KKFWL,F,0,No,No,35,Yes,NO,No internet service,No internet service,No internet service,Two year,Bank transfer (automatic),23.3,797.1,No
6960-HVYXR,F,0,No,No,1,Yes,FIBER OPTIC,No,No,No,Month-to-month,Electronic check,76.0,76.0,Yes
9337-SRRNI,M,0,No,Yes,66,Yes,NO,No internet service,No internet service,No internet service,Two year,Credit card (automatic),25.3,1673.8,No
0895-UADGO,M,0,No,Yes,8,Yes,DSL,Yes,Yes,No,Two year,Mailed check,44.55,343.45,No
5678-VFNEQ,F,0,Yes,No,71,Yes,FIBER OPTIC,Yes,No,Yes,One year,Credit card (automatic),104.1,7412.25,No
5977-CKHON,F,0,Yes,Yes,43,Yes,FIBER OPTIC,No,No,No,Month-to-month,Bank transfer (automatic),92.55,4039.0,No
7024-OHCCK,F,1,No,No,2,Yes,FIBER OPTIC,No,No,Yes,Month-to-month,Electronic check,93.85,170.85,Yes
2692-BUCFV,M,1,No,No,29,Yes,FIBER OPTIC,No,No,Yes,Month-to-month,Bank transfer (automatic),101.45,2948.6,No
7861-UVUFT,F,0,Yes,No,15,Yes,FIBER OPTIC,No,No,Yes,Month-to-month,Electronic check,84.3,1308.4,Yes
1830-GGFNM,M,0,Yes,Yes,65,Yes,FIBER OPTIC,Yes,Yes,No,Two year,Credit card (automatic),94.55,6078.75,No
5302-BDJNT,M,0,No,No,35,Yes,FIBER OPTIC,No,Yes,Yes,Month-to-month,Electronic check,95.5,3418.2,No
5223-UZAVK,M,0,No,No,64,Yes,FIBER OPTIC,Yes,No,Yes,One year,Credit card (automatic),100.3,6603.8,No
4859-ZSRDZ,F,0,Yes,Yes,58,Yes,DSL,No,Yes,Yes,Two year,Credit card (automatic),55.5,3166.9,No
5651-WYIPH,F,1,No,No,18,Yes,DSL,No,No,No,Month-to-month,Credit card (automatic),49.85,865.75,No
9350-VLHMB,M,0,Yes,Yes,67,Yes,FIBER OPTIC,No,No,No,Month-to-month,Bank transfer (automatic),89.55,6373.1,No
3498-LZGQZ,M,0,Yes,Yes,63,Yes,NO,No internet service,No internet service,No internet service,Two year,Mailed check,19.15,1177.05,No
8785-CJSHH,F,0,Yes,No,60,Yes,FIBER OPTIC,No,No,Yes,Month-to-month,Electronic check,99.8,5985.75,No
5357-TZHPP,M,1,No,No,9,Yes,FIBER OPTIC,No,No,No,Month-to-month,Credit card (automatic),84.4,732.5,Yes
3870-SPZSI,F,0,Yes,Yes,70,Yes,FIBER OPTIC,Yes,Yes,Yes,Two year,Credit card (automatic),113.05,7869.05,No
0680-DFNNY,M,0,Yes,No,15,Yes,FIBER OPTIC,No,No,Yes,Month-to-month,Electronic check,101.1,1504.05,Yes
7560-QRBXH,F,0,No,Yes,48,Yes,NO,No internet service,No internet service,No internet service,One year,Mailed check,19.95,936.7,No
7077-XJMET,M,0,Yes,No,12,Yes,DSL,No,Yes,Yes,Month-to-month,Electronic check,74.15,741.4,No
8752-GHJFU,M,1,Yes,No,71,Yes,FIBER OPTIC,Yes,Yes,No,One year,Electronic check,92.0,6585.2,No
6896-SRVYQ,M,1,No,No,44,Yes,FIBER OPTIC,No,No,No,Month-to-month,Electronic check,73.85,3122.4,No
7767-UXAGJ,M,0,No,No,1,Yes,DSL,No,No,No,Month-to-month,Electronic check,50.45,50.45,Yes
4652-ODEVH,M,0,Yes,Yes,45,Yes,NO,No internet service,No internet service,No internet service,Two year,Mailed check,24.45,1088.25,No
6510-UPNKS,F,0,No,No,23,Yes,NO,No internet service,No internet service,No internet service,One year,Credit card (automatic),24.8,615.35,No
6718-BDGHG,F,0,Yes,No,43,Yes,DSL,No,Yes,Yes,One year,Bank transfer (automatic),64.85,2908.2,No
9046-DQMTP,M,0,No,No,35,Yes,NO,No internet service,No internet service,No internet service,Month-to-month,Bank transfer (automatic),20.75,739.9,No
6439-LAJXL,M,0,Yes,No,9,Yes,DSL,Yes,Yes,Yes,Month-to-month,Mailed check,68.95,593.85,No
1571-SAVHK,M,0,No,No,12,Yes,FIBER OPTIC,No,Yes,Yes,Month-to-month,Mailed check,99.95,1132.75,Yes
9052-VKDUW,F,1,Yes,No,65,Yes,FIBER OPTIC,Yes,No,Yes,Month-to-month,Credit card (automatic),109.4,7227.45,No
9546-CQJSU,F,0,No,No,2,Yes,FIBER OPTIC,No,No,Yes,Month-to-month,Electronic check,91.4,193.6,Yes
1666-JZPZT,M,0,No,No,27,Yes,DSL,No,No,No,Month-to-month,Mailed check,49.0,1291.35,No
5777-KJIRB,F,0,No,No,40,Yes,DSL,No,No,No,One year,Mailed check,50.25,2023.55,No
0506-LVNGN,F,1,No,No,5,Yes,FIBER OPTIC,No,No,No,Month-to-month,Credit card (automatic),75.55,349.65,Yes
7677-SJJJK,M,0,Yes,Yes,8,Yes,NO,No internet service,No internet service,No internet service,One year,Credit card (automatic),19.9,153.95,No
2480-EJWYP,F,1,Yes,No,58,Yes,FIBER OPTIC,No,No,Yes,One year,Bank transfer (automatic),97.8,5458.8,No
3253-HKOKL,F,0,Yes,Yes,52,Yes,FIBER OPTIC,Yes,No,Yes,One year,Electronic check,100.3,5244.45,No
7055-HNEOJ,M,0,Yes,No,3,Yes,DSL,No,Yes,No,Month-to-month,Mailed check,55.8,154.55,No
5514-YQENT,M,0,No,Yes,41,Yes,FIBER OPTIC,Yes,Yes,Yes,Two year,Electronic check,111.15,4507.15,No
3211-AAPKX,M,0,No,No,20,Yes,FIBER OPTIC,No,Yes,Yes,Month-to-month,Mailed check,98.55,2031.95,No
8445-DNBAE,M,0,No,Yes,1,Yes,DSL,No,No,No,Month-to-month,Electronic check,50.05,50.05,No
2951-QOQTK,M,0,No,Yes,4,Yes,FIBER OPTIC,No,Yes,No,Month-to-month,Credit card (automatic),80.8,332.45,Yes
2958-NHPPS,M,0,No,No,23,Yes,NO,No internet service,No internet service,No internet service,Month-to-month,Electronic check,20.85,473.9,No
6806-YDEUL,F,1,No,No,6,Yes,NO,No internet service,No internet service,No internet service,Month-to-month,Bank transfer (automatic),19.5,106.8,No
1735-XMJVH,M,0,Yes,Yes,8,Yes,NO,No internet service,No internet service,No internet service,Month-to-month,Mailed check,19.35,152.6,No
6890-PFRQX,M,0,No,No,18,Yes,DSL,Yes,No,Yes,Month-to-month,Mailed check,69.5,1199.4,No
0222-CNVPT,M,1,No,No,52,Yes,DSL,Yes,No,Yes,Month-to-month,Credit card (automatic),48.8,2555.05,No
5899-OUVKV,M,0,No,No,31,Yes,FIBER OPTIC,No,No,Yes,Month-to-month,Electronic check,94.5,2979.2,No
8681-ICONS,M,0,Yes,Yes,29,Yes,NO,No internet service,No internet service,No internet service,Month-to-month,Mailed check,20.65,654.85,No
1621-YNCJH,F,0,Yes,No,36,Yes,FIBER OPTIC,Yes,Yes,No,Two year,Credit card (automatic),106.05,3834.4,No
3473-XIIIT,F,0,Yes,No,16,Yes,FIBER OPTIC,No,No,Yes,Month-to-month,Electronic check,100.0,1534.75,Yes
6362-QHAFM,M,0,Yes,No,42,Yes,FIBER OPTIC,No,Yes,Yes,One year,Electronic check,108.3,4586.15,No
7893-IXHRQ,M,0,No,No,1,Yes,NO,No internet service,No internet service,No internet service,Month-to-month,Electronic check,20.55,20.55,Yes
3070-BDOQC,F,0,No,No,60,Yes,FIBER OPTIC,No,No,Yes,Two year,Electronic check,99.65,5941.05,No
2952-QAYZF,M,0,No,No,5,Yes,FIBER OPTIC,No,No,No,Month-to-month,Electronic check,85.3,424.15,Yes
6234-PFPXL,M,0,Yes,No,22,Yes,FIBER OPTIC,Yes,Yes,Yes,Month-to-month,Credit card (automatic),95.9,2234.95,No
9824-QCJPK,M,0,Yes,No,36,Yes,NO,No internet service,No internet service,No internet service,One year,Mailed check,20.0,666.75,No
4763-PGDPO,F,0,No,No,4,Yes,FIBER OPTIC,No,No,No,Month-to-month,Electronic check,70.4,281.0,Yes
4283-IVYCI,M,0,No,No,9,Yes,DSL,Yes,Yes,No,Month-to-month,Mailed check,64.95,547.8,No
1866-OBPNR,M,0,Yes,Yes,1,Yes,FIBER OPTIC,No,No,No,Month-to-month,Credit card (automatic),74.6,74.6,No
8205-MQUGY,M,0,Yes,Yes,12,Yes,DSL,Yes,No,No,Month-to-month,Electronic check,49.2,571.15,No
8970-ANWXO,F,0,No,No,23,Yes,DSL,No,Yes,Yes,One year,Mailed check,73.75,1756.6,No
9480-BQJEI,M,0,No,No,62,Yes,FIBER OPTIC,Yes,No,No,One year,Bank transfer (automatic),92.3,5731.45,No
5394-SVGJV,M,0,No,No,37,Yes,FIBER OPTIC,No,Yes,Yes,Month-to-month,Bank transfer (automatic),98.8,3475.55,Yes
6979-TNDEU,F,0,No,No,8,Yes,NO,No internet service,No internet service,No internet service,Month-to-month,Mailed check,19.2,156.85,No
9777-WJJPR,M,0,Yes,No,31,Yes,FIBER OPTIC,No,No,Yes,Month-to-month,Credit card (automatic),88.65,2683.2,No
9283-LZQOH,M,0,Yes,Yes,13,Yes,FIBER OPTIC,No,No,No,Month-to-month,Credit card (automatic),74.4,896.75,Yes
7079-QRCBC,F,0,No,No,24,Yes,FIBER OPTIC,No,No,Yes,Month-to-month,Electronic check,98.75,2407.3,Yes
9495-SKLKD,M,0,Yes,Yes,45,Yes,FIBER OPTIC,No,No,No,Month-to-month,Bank transfer (automatic),95.95,4456.65,No
6048-UWKAL,F,1,Yes,No,69,Yes,FIBER OPTIC,No,Yes,Yes,Two year,Credit card (automatic),105.4,6998.95,No
5067-DGXLL,M,0,No,No,2,Yes,NO,No internet service,No internet service,No internet service,Month-to-month,Mailed check,20.25,36.8,No
5469-CTCWN,M,0,Yes,Yes,61,Yes,FIBER OPTIC,Yes,No,Yes,One year,Electronic check,106.0,6547.7,Yes
9851-QXEEQ,M,0,No,No,41,Yes,FIBER OPTIC,No,No,Yes,Month-to-month,Electronic check,104.7,4346.4,Yes
6281-FKEWS,F,0,No,No,44,Yes,DSL,No,No,Yes,One year,Electronic check,49.05,2265.0,No
8898-KASCD,M,0,No,No,39,Yes,DSL,No,Yes,No,One year,Mailed check,35.55,1309.15,No
9242-TKFSV,M,0,Yes,Yes,72,Yes,DSL,Yes,Yes,Yes,Two year,Credit card (automatic),65.1,4754.3,No
9290-SHCMB,F,1,No,No,13,Yes,FIBER OPTIC,No,No,Yes,Month-to-month,Electronic check,96.85,1235.55,No
0743-HNPFG,F,0,Yes,Yes,51,Yes,DSL,Yes,Yes,No,One year,Credit card (automatic),69.75,3562.5,No
2277-BKJKN,F,1,Yes,No,71,Yes,FIBER OPTIC,No,No,Yes,Two year,Electronic check,99.2,7213.75,No
9809-IMGCQ,M,1,No,No,22,Yes,FIBER OPTIC,No,No,Yes,Month-to-month,Electronic check,96.7,2082.95,Yes
5208-HFSBT,F,0,No,No,2,Yes,DSL,No,Yes,No,Month-to-month,Credit card (automatic),55.05,102.75,Yes
5035-PGZXH,F,0,No,No,56,Yes,FIBER OPTIC,No,No,Yes,One year,Electronic check,106.8,5914.4,No
8695-WDYEA,M,0,No,No,1,Yes,DSL,Yes,No,No,Month-to-month,Mailed check,51.25,51.25,No
6543-JXSOO,F,0,Yes,Yes,23,Yes,DSL,Yes,Yes,No,One year,Mailed check,57.75,1282.85,No
8016-ZMGMO,F,1,Yes,No,66,Yes,DSL,No,No,Yes,One year,Bank transfer (automatic),70.85,4738.85,No
8605-ITULD,F,0,No,No,1,Yes,NO,No internet service,No internet service,No internet service,Month-to-month,Mailed check,19.55,19.55,No
3254-YRILK,M,1,No,No,19,Yes,FIBER OPTIC,No,No,Yes,Month-to-month,Electronic check,88.2,1775.8,Yes
6416-YJTTB,M,0,No,No,11,Yes,FIBER OPTIC,Yes,No,No,Month-to-month,Bank transfer (automatic),79.5,795.65,No
2667-WYLWJ,F,0,Yes,Yes,8,Yes,NO,No internet service,No internet service,No internet service,One year,Mailed check,19.75,145.0,Yes
4472-VESGY,F,0,Yes,Yes,52,Yes,FIBER OPTIC,Yes,No,No,Month-to-month,Bank transfer (automatic),98.15,4993.4,No
3195-TQDZX,M,0,No,No,3,Yes,NO,No internet service,No internet service,No internet service,Month-to-month,Electronic check,20.25,61.45,No
3128-YOVTD,F,0,Yes,Yes,51,Yes,FIBER OPTIC,Yes,No,No,Month-to-month,Bank transfer (automatic),79.15,4018.55,No
0529-ONKER,M,1,No,No,15,Yes,FIBER OPTIC,No,No,No,Month-to-month,Electronic check,75.65,1146.65,Yes
1728-CXQBE,M,1,Yes,No,64,Yes,FIBER OPTIC,No,No,No,Month-to-month,Electronic check,94.25,6081.4,No
7041-TXQJH,F,0,No,No,37,Yes,DSL,No,No,No,Month-to-month,Credit card (automatic),40.2,1478.85,No
5014-GSOUQ,M,0,No,No,13,Yes,NO,No internet service,No internet service,No internet service,Two year,Mailed check,19.95,243.65,No
5724-BIDBU,M,0,Yes,No,49,Yes,DSL,Yes,No,No,One year,Electronic check,55.35,2633.95,No
0481-SUMCB,F,1,No,No,45,Yes,FIBER OPTIC,No,No,Yes,One year,Bank transfer (automatic),102.15,4735.35,No
1769-GRUIK,F,0,No,No,18,Yes,FIBER OPTIC,No,No,No,Month-to-month,Electronic check,71.1,1247.75,No
5240-IJOQT,M,1,No,No,1,Yes,FIBER OPTIC,No,No,No,Month-to-month,Electronic check,74.7,74.7,Yes
8819-WFGGJ,M,0,Yes,No,68,Yes,DSL,Yes,No,Yes,Two year,Bank transfer (automatic),54.1,3794.5,No
7427-AUFPY,M,0,No,No,54,Yes,NO,No internet service,No internet service,No internet service,Two year,Credit card (automatic),19.65,1008.7,No
2811-POVEX,F,1,Yes,Yes,23,Yes,FIBER OPTIC,No,No,No,Month-to-month,Bank transfer (automatic),88.45,2130.55,No
1092-GANHU,M,0,No,No,17,Yes,FIBER OPTIC,No,No,No,Month-to-month,Electronic check,76.65,1313.55,Yes
7898-PDWQE,M,0,Yes,No,71,Yes,DSL,Yes,Yes,No,Two year,Credit card (automatic),80.4,5727.15,No
9972-EWRJS,F,0,Yes,Yes,67,Yes,NO,No internet service,No internet service,No internet service,Two year,Bank transfer (automatic),19.25,1372.9,No
9314-IJWSQ,F,0,Yes,Yes,14,Yes,FIBER OPTIC,No,No,Yes,Month-to-month,Electronic check,84.8,1203.9,No
0661-XEYAN,F,1,No,No,1,Yes,DSL,No,No,No,Month-to-month,Mailed check,25.8,25.8,Yes
5799-JRCZO,F,0,No,Yes,63,Yes,NO,No internet service,No internet service,No internet service,Two year,Credit card (automatic),19.5,1215.1,No
1921-KYSAY,F,0,No,No,41,Yes,DSL,No,Yes,No,One year,Electronic check,68.6,2877.05,No
6198-RTPMF,F,0,Yes,No,17,Yes,FIBER OPTIC,No,No,Yes,Month-to-month,Electronic check,92.6,1579.7,No
2924-KHUVI,M,0,Yes,No,56,Yes,FIBER OPTIC,Yes,No,Yes,One year,Electronic check,100.55,5514.95,No
1925-GMVBW,F,0,No,No,5,Yes,NO,No internet service,No internet service,No internet service,Month-to-month,Credit card (automatic),20.55,96.1,No
7881-EVUAD,F,0,No,No,2,Yes,DSL,Yes,No,No,Month-to-month,Electronic check,42.6,72.4,Yes
6184-DYUOB,F,0,Yes,No,3,Yes,NO,No internet service,No internet service,No internet service,Month-to-month,Mailed check,19.6,55.25,No
9207-ZPANB,M,0,No,No,37,Yes,DSL,Yes,Yes,No,One year,Electronic check,67.45,2443.3,No
5766-XQXMQ,F,0,No,No,29,Yes,DSL,Yes,No,No,Month-to-month,Bank transfer (automatic),68.85,1970.5,Yes
9327-QSDED,M,0,No,No,8,Yes,DSL,No,No,No,Month-to-month,Mailed check,43.55,335.4,No
1656-DRSMG,F,0,No,No,63,Yes,FIBER OPTIC,No,Yes,Yes,Month-to-month,Credit card (automatic),109.85,7002.95,No
3012-VFFMN,F,0,Yes,Yes,7,Yes,NO,No internet service,No internet service,No internet service,Month-to-month,Mailed check,20.65,158.95,No
2984-AFWNC,F,0,No,No,3,Yes,FIBER OPTIC,No,No,Yes,Month-to-month,Electronic check,95.4,293.15,No
0640-YJTPY,M,0,Yes,Yes,72,Yes,NO,No internet service,No internet service,No internet service,Two year,Bank transfer (automatic),21.0,1493.75,No
8096-LOIST,F,0,No,No,19,Yes,DSL,No,No,No,Month-to-month,Electronic check,56.2,1093.4,No
9764-REAFF,F,0,Yes,No,59,Yes,NO,No internet service,No internet service,No internet service,Two year,Bank transfer (automatic),18.4,1057.85,No
3703-VAVCL,M,0,Yes,Yes,2,Yes,FIBER OPTIC,No,Yes,No,Month-to-month,Credit card (automatic),90.0,190.05,Yes
7107-UBYKY,F,0,Yes,Yes,35,Yes,NO,No internet service,No internet service,No internet service,Month-to-month,Electronic check,25.75,882.55,No
4881-GQJTW,M,0,No,No,14,Yes,NO,No internet service,No internet service,No internet service,Month-to-month,Credit card (automatic),19.6,300.4,No
8519-QJGJD,F,0,No,No,14,Yes,FIBER OPTIC,No,No,No,Month-to-month,Electronic check,75.35,1025.95,Yes
7876-DNYAP,F,0,Yes,Yes,69,Yes,NO,No internet service,No internet service,No internet service,Two year,Credit card (automatic),19.8,1436.95,No
7905-NJMXS,M,1,Yes,No,7,Yes,DSL,Yes,Yes,No,Month-to-month,Electronic check,64.2,475.0,No
2882-WDTBA,M,0,Yes,Yes,69,Yes,DSL,Yes,Yes,Yes,Two year,Bank transfer (automatic),75.75,5388.15,No
2091-GPPIQ,F,0,Yes,Yes,72,Yes,DSL,No,Yes,Yes,Two year,Electronic check,78.95,5730.15,No
6326-MTTXK,M,0,No,No,8,Yes,FIBER OPTIC,No,No,Yes,Month-to-month,Electronic check,100.85,819.55,Yes
5071-FBJFS,F,0,Yes,Yes,4,Yes,DSL,Yes,No,No,Month-to-month,Electronic check,50.3,217.1,No
2796-UUZZO,M,0,Yes,Yes,63,Yes,FIBER OPTIC,No,No,No,Month-to-month,Credit card (automatic),80.3,4896.35,No
2429-AYKKO,M,0,No,No,72,Yes,NO,No internet service,No internet service,No internet service,Two year,Bank transfer (automatic),19.85,1434.1,No
9798-OPFEM,F,0,No,No,46,Yes,NO,No internet service,No internet service,No internet service,Two year,Electronic check,21.1,937.1,No
0330-IVZHA,F,0,Yes,No,5,Yes,FIBER OPTIC,No,No,No,Month-to-month,Electronic check,69.95,330.15,Yes
3794-NFNCH,M,0,Yes,No,30,Yes,DSL,No,No,No,Month-to-month,Mailed check,50.0,1474.9,No
5193-QLVZB,M,0,No,No,63,Yes,FIBER OPTIC,No,No,Yes,Two year,Bank transfer (automatic),104.75,6536.5,No
7114-AEOZE,F,0,No,No,60,Yes,NO,No internet service,No internet service,No internet service,Two year,Bank transfer (automatic),19.85,1128.1,No
2886-KEFUM,F,0,Yes,No,63,Yes,FIBER OPTIC,No,No,Yes,One year,Electronic check,107.5,6873.75,Yes
5522-NYKPB,M,0,Yes,Yes,25,Yes,FIBER OPTIC,No,Yes,Yes,Month-to-month,Electronic check,85.9,2199.05,No
4237-RLAQD,M,0,No,No,1,Yes,DSL,No,No,No,Month-to-month,Mailed check,45.85,45.85,Yes
9957-YODKZ,M,1,Yes,No,6,Yes,FIBER OPTIC,No,No,No,Month-to-month,Electronic check,80.8,457.1,No
6518-KZXCB,M,0,No,No,22,Yes,NO,No internet service,No internet service,No internet service,Two year,Mailed check,25.25,566.5,No
2245-ADZFJ,F,0,Yes,Yes,31,Yes,DSL,No,Yes,Yes,Two year,Bank transfer (automatic),80.55,2471.6,No
7776-QGYJC,F,0,Yes,Yes,39,Yes,FIBER OPTIC,No,Yes,No,Month-to-month,Bank transfer (automatic),81.5,3107.3,No
9313-QOLTZ,M,0,No,No,26,Yes,NO,No internet service,No internet service,No internet service,Month-to-month,Mailed check,20.9,518.3,No
9651-GTSAQ,F,0,Yes,No,53,Yes,FIBER OPTIC,Yes,No,Yes,One year,Bank transfer (automatic),106.1,5769.75,Yes
3186-BAXNB,F,0,No,No,1,Yes,FIBER OPTIC,No,Yes,Yes,Month-to-month,Electronic check,91.7,91.7,Yes
4672-FOTSD,M,0,No,No,12,Yes,DSL,Yes,Yes,No,Month-to-month,Electronic check,67.25,832.3,No
0637-YLETY,F,0,No,No,16,Yes,FIBER OPTIC,No,No,No,Month-to-month,Credit card (automatic),95.6,1555.65,Yes
9818-XQCUV,F,0,No,No,2,Yes,NO,No internet service,No internet service,No internet service,Month-to-month,Mailed check,20.35,45.3,No
7338-ERIVA,M,0,No,Yes,39,Yes,DSL,Yes,Yes,Yes,One year,Bank transfer (automatic),45.05,1790.6,No
1157-BQCUW,M,0,No,No,1,Yes,FIBER OPTIC,No,No,No,Month-to-month,Electronic check,74.95,74.95,Yes
8259-NFJTV,F,0,Yes,Yes,7,Yes,DSL,Yes,Yes,No,Month-to-month,Mailed check,34.65,246.6,No
3223-DWFIO,M,1,No,No,4,Yes,FIBER OPTIC,No,No,No,Month-to-month,Electronic check,69.35,261.65,No
2660-EMUBI,M,1,No,No,10,Yes,FIBER OPTIC,No,No,Yes,Month-to-month,Electronic check,95.35,898.35,Yes
6968-GMKPR,F,0,No,No,55,Yes,FIBER OPTIC,No,No,No,Month-to-month,Electronic check,81.55,4509.5,No
4751-ERMAN,M,0,Yes,Yes,72,Yes,DSL,No,No,Yes,Two year,Bank transfer (automatic),75.4,5480.25,No
1436-ZMJAN,F,0,Yes,No,10,Yes,DSL,No,No,Yes,Month-to-month,Credit card (automatic),67.8,653.15,No
3292-PBZEJ,M,1,No,No,11,Yes,FIBER OPTIC,No,Yes,Yes,Month-to-month,Electronic check,111.4,1183.05,No
0799-DDIHE,F,0,Yes,Yes,15,Yes,DSL,No,No,No,Month-to-month,Electronic check,46.3,639.45,No
3070-FNFZQ,F,0,Yes,Yes,23,Yes,NO,No internet service,No internet service,No internet service,Two year,Bank transfer (automatic),20.4,478.75,No
2812-SFXMJ,M,0,No,Yes,1,Yes,NO,No internet service,No internet service,No internet service,Month-to-month,Mailed check,20.05,20.05,No
7675-OZCZG,F,1,No,No,3,Yes,DSL,No,No,No,Month-to-month,Electronic check,45.0,127.1,Yes
5014-WUQMG,M,0,Yes,Yes,47,Yes,FIBER OPTIC,Yes,No,No,One year,Electronic check,96.1,4391.45,No
5312-TSZVC,F,0,No,Yes,15,Yes,NO,No internet service,No internet service,No internet service,One year,Mailed check,19.65,270.6,No
2003-CKLOR,M,0,No,No,66,Yes,FIBER OPTIC,No,No,Yes,Month-to-month,Electronic check,99.5,6710.5,Yes
0993-OSGPT,F,1,Yes,No,68,Yes,DSL,No,Yes,No,One year,Bank transfer (automatic),60.65,3975.9,No
9254-RBFON,F,0,Yes,Yes,17,Yes,FIBER OPTIC,No,Yes,Yes,One year,Bank transfer (automatic),98.6,1704.95,Yes
1205-WNWPJ,F,0,No,No,7,Yes,DSL,No,Yes,Yes,Month-to-month,Mailed check,59.5,415.95,Yes
9391-EOYLI,M,1,Yes,No,12,Yes,FIBER OPTIC,No,No,No,Month-to-month,Electronic check,80.45,950.2,Yes
7108-DGVUU,F,1,Yes,No,21,Yes,DSL,No,No,No,One year,Bank transfer (automatic),71.7,1497.05,No
2782-JEEBU,M,0,No,No,21,Yes,DSL,No,Yes,No,Month-to-month,Mailed check,36.0,780.15,No
5127-BZENZ,F,0,Yes,Yes,56,Yes,DSL,Yes,No,Yes,One year,Bank transfer (automatic),65.2,3512.15,No
2720-FVBQP,F,0,Yes,Yes,6,Yes,DSL,No,No,No,Month-to-month,Credit card (automatic),48.95,273.25,No
9906-NHHVC,F,1,No,No,65,Yes,DSL,No,No,Yes,Two year,Bank transfer (automatic),53.5,3517.9,No
4522-XRWWI,M,0,Yes,No,42,Yes,DSL,Yes,Yes,Yes,One year,Credit card (automatic),80.45,3375.9,No
3766-EJLFL,F,0,Yes,Yes,68,Yes,FIBER OPTIC,Yes,Yes,Yes,Two year,Bank transfer (automatic),109.05,7508.55,No
5939-SXWHM,M,0,Yes,Yes,48,Yes,NO,No internet service,No internet service,No internet service,Two year,Bank transfer (automatic),26.3,1245.05,No
8152-UOBNY,F,1,No,No,50,Yes,FIBER OPTIC,No,Yes,Yes,One year,Electronic check,106.8,5347.95,No
7351-KYHQH,F,1,No,No,7,Yes,DSL,No,No,Yes,Month-to-month,Electronic check,64.95,493.65,No
7643-RCHXS,F,0,Yes,Yes,63,Yes,NO,No internet service,No internet service,No internet service,Two year,Electronic check,19.35,1263.85,No
8246-SHFGA,M,0,No,No,17,Yes,NO,No internet service,No internet service,No internet service,Month-to-month,Credit card (automatic),21.1,385.55,No
8387-MOJJT,F,0,Yes,Yes,42,Yes,FIBER OPTIC,No,No,Yes,Month-to-month,Credit card (automatic),77.95,3384.0,Yes
0620-XEFWH,M,0,Yes,Yes,4,Yes,NO,No internet service,No internet service,No internet service,Month-to-month,Mailed check,18.85,84.2,No
6485-QXWWE,F,0,No,Yes,62,Yes,NO,No internet service,No internet service,No internet service,Two year,Bank transfer (automatic),26.0,1638.7,No
2761-OCIAX,M,1,No,No,2,Yes,FIBER OPTIC,No,No,No,Month-to-month,Electronic check,74.7,165.4,Yes
7321-VGNKU,F,0,Yes,No,2,Yes,FIBER OPTIC,No,No,No,Month-to-month,Electronic check,70.35,120.25,No
5327-CNLUQ,M,0,Yes,No,48,Yes,FIBER OPTIC,Yes,No,Yes,Two year,Bank transfer (automatic),96.9,4473.45,No
7552-KEYGT,M,0,Yes,No,27,Yes,NO,No internet service,No internet service,No internet service,Two year,Bank transfer (automatic),19.55,520.55,No
5816-JMLGY,F,0,Yes,Yes,70,Yes,DSL,No,Yes,Yes,Two year,Bank transfer (automatic),80.4,5717.85,No
3068-OMWZA,M,1,No,No,1,Yes,FIBER OPTIC,No,No,Yes,Month-to-month,Electronic check,88.8,88.8,Yes
2927-QRRQV,M,0,Yes,No,46,Yes,FIBER OPTIC,No,No,Yes,One year,Electronic check,94.65,4312.5,No
6032-KRXXO,M,0,No,No,30,Yes,FIBER OPTIC,No,No,Yes,Month-to-month,Electronic check,90.25,2755.35,Yes
7459-RRWQZ,F,0,No,No,15,Yes,DSL,Yes,No,No,Month-to-month,Bank transfer (automatic),64.65,994.55,Yes
6265-SXWBU,M,0,Yes,Yes,69,Yes,FIBER OPTIC,No,No,Yes,One year,Credit card (automatic),95.75,6511.25,No
7941-RCJOW,M,0,No,No,65,Yes,NO,No internet service,No internet service,No internet service,Two year,Credit card (automatic),19.55,1218.65,No
6374-NTQLP,M,1,Yes,Yes,72,Yes,FIBER OPTIC,Yes,Yes,Yes,Two year,Credit card (automatic),104.1,7447.7,No
4154-AQUGT,M,1,Yes,No,13,Yes,FIBER OPTIC,No,Yes,No,Month-to-month,Bank transfer (automatic),89.05,1169.35,Yes
2387-KDZQY,M,0,No,No,17,Yes,NO,No internet service,No internet service,No internet service,One year,Mailed check,20.1,279.5,No
3584-WKTTW,M,0,Yes,No,51,Yes,FIBER OPTIC,Yes,Yes,Yes,One year,Electronic check,111.55,5720.35,No
3399-BMLVW,M,0,Yes,Yes,51,Yes,DSL,Yes,Yes,No,Two year,Credit card (automatic),60.5,3121.45,No
1971-DTCZB,F,0,Yes,No,72,Yes,DSL,Yes,Yes,Yes,Two year,Bank transfer (automatic),90.95,6468.6,No
3092-IGHWF,M,0,Yes,Yes,67,Yes,FIBER OPTIC,No,No,No,One year,Electronic check,87.4,5918.8,Yes
3374-PZLXD,M,0,No,No,34,Yes,NO,No internet service,No internet service,No internet service,Month-to-month,Mailed check,19.7,675.6,No
3813-DHBBB,M,0,Yes,No,67,Yes,DSL,Yes,Yes,No,Two year,Bank transfer (automatic),50.95,3521.7,No
2812-REYAT,F,0,Yes,No,49,Yes,NO,No internet service,No internet service,No internet service,One year,Bank transfer (automatic),20.05,923.1,No
6518-PPLMZ,M,0,Yes,Yes,53,Yes,NO,No internet service,No internet service,No internet service,Two year,Mailed check,19.4,1110.35,No
4939-KYYPY,M,0,No,No,27,Yes,DSL,No,Yes,No,Month-to-month,Electronic check,59.45,1611.65,No
8017-LXHFA,F,1,No,No,23,Yes,FIBER OPTIC,No,No,Yes,Month-to-month,Electronic check,94.75,2293.6,Yes
5930-GBIWP,M,0,No,No,69,Yes,DSL,Yes,Yes,No,Two year,Credit card (automatic),81.5,5553.25,No
6022-KOUQO,F,0,Yes,Yes,2,Yes,DSL,No,Yes,No,Month-to-month,Bank transfer (automatic),29.05,44.75,No
6352-TWCAU,F,0,No,No,35,Yes,FIBER OPTIC,No,No,Yes,Month-to-month,Electronic check,86.45,3029.1,Yes
2361-UPSND,F,0,Yes,No,46,Yes,DSL,Yes,Yes,No,One year,Mailed check,70.6,3231.05,No
6035-RIIOM,F,0,No,No,54,Yes,FIBER OPTIC,No,No,Yes,Two year,Bank transfer (automatic),97.2,5129.45,No
2929-QNSRW,F,0,Yes,No,56,Yes,FIBER OPTIC,No,No,Yes,One year,Electronic check,98.25,5508.35,Yes
1262-OPMFY,F,0,Yes,No,9,Yes,FIBER OPTIC,No,No,No,Month-to-month,Bank transfer (automatic),75.75,655.9,Yes
9504-DSHWM,M,0,No,No,20,Yes,DSL,Yes,Yes,No,Month-to-month,Bank transfer (automatic),59.2,1191.2,No
5035-BVCXS,M,0,No,No,11,Yes,FIBER OPTIC,No,No,No,Month-to-month,Mailed check,75.9,866.4,No
6267-DCFFZ,F,1,Yes,No,30,Yes,FIBER OPTIC,No,No,Yes,Month-to-month,Electronic check,90.05,2627.2,No
3533-UVMOM,M,0,Yes,No,68,Yes,DSL,Yes,No,No,Two year,Bank transfer (automatic),70.95,4741.45,No
2439-LYPMQ,M,1,Yes,No,38,Yes,FIBER OPTIC,No,No,Yes,Month-to-month,Electronic check,102.6,4009.2,No
4248-QPAVC,F,1,Yes,No,17,Yes,FIBER OPTIC,Yes,No,No,Month-to-month,Bank transfer (automatic),85.35,1463.45,Yes
1899-VXWXM,M,0,No,No,48,Yes,FIBER OPTIC,No,No,Yes,One year,Credit card (automatic),106.1,5082.8,Yes
1478-VPOAD,F,0,No,No,1,Yes,DSL,No,No,No,Month-to-month,Electronic check,43.8,43.8,No
9995-HOTOH,M,0,Yes,Yes,63,Yes,DSL,Yes,No,Yes,Two year,Electronic check,59.0,3707.6,No
2988-PLAHS,F,0,No,No,3,Yes,DSL,No,No,Yes,One year,Electronic check,69.95,220.45,No
1371-OJCEK,F,0,No,No,48,Yes,NO,No internet service,No internet service,No internet service,One year,Bank transfer (automatic),24.35,1133.7,No
4999-IEZLT,M,0,No,No,66,Yes,DSL,No,Yes,No,One year,Credit card (automatic),29.45,1983.15,No
8883-ANODQ,F,0,Yes,Yes,68,Yes,FIBER OPTIC,No,No,No,Two year,Credit card (automatic),84.4,5746.75,No
4690-LLKUA,M,1,No,No,17,Yes,DSL,No,No,No,Month-to-month,Electronic check,45.05,770.6,Yes
2351-RRBUE,F,0,Yes,Yes,7,Yes,NO,No internet service,No internet service,No internet service,One year,Mailed check,20.65,134.05,No
5980-BDHPY,M,0,Yes,No,72,Yes,DSL,Yes,Yes,Yes,Two year,Bank transfer (automatic),87.1,6230.1,No
1498-DQNRX,F,0,Yes,No,29,Yes,NO,No internet service,No internet service,No internet service,Month-to-month,Mailed check,19.85,573.05,No
9469-WEJBT,M,0,Yes,No,37,Yes,FIBER OPTIC,No,Yes,No,Month-to-month,Electronic check,90.35,3419.3,No
3331-HQDTW,F,0,No,No,34,Yes,FIBER OPTIC,Yes,No,Yes,Month-to-month,Mailed check,109.8,3587.25,Yes
9490-DFPMD,F,1,No,No,42,Yes,FIBER OPTIC,No,No,Yes,Month-to-month,Electronic check,84.65,3541.35,Yes
2581-VKIRT,F,0,Yes,Yes,59,Yes,DSL,Yes,Yes,No,One year,Mailed check,65.5,3801.3,No
5442-XSDCW,M,0,Yes,Yes,11,Yes,FIBER OPTIC,No,No,Yes,Month-to-month,Bank transfer (automatic),79.5,868.5,Yes
7426-WEIJX,M,1,Yes,Yes,60,Yes,FIBER OPTIC,Yes,No,No,Month-to-month,Electronic check,80.95,4859.1,No
2851-MMUTZ,F,0,No,No,27,Yes,DSL,No,Yes,No,Month-to-month,Mailed check,56.15,1439.35,No
3049-NDXFL,F,0,No,No,1,Yes,FIBER OPTIC,No,No,No,Month-to-month,Mailed check,85.8,85.8,Yes
8580-AECUZ,M,1,No,No,1,Yes,FIBER OPTIC,No,No,Yes,Month-to-month,Electronic check,79.1,79.1,Yes
3307-TLCUD,M,0,Yes,No,17,No,DSL,Yes,No,No,Month-to-month,Mailed check,34.4,592.75,No
6625-FLENO,M,0,Yes,No,58,Yes,NO,No internet service,No internet service,No internet service,Two year,Mailed check,20.75,1185.95,No
2967-MXRAV,M,0,Yes,Yes,1,Yes,NO,No internet service,No internet service,No internet service,One year,Mailed check,18.8,18.8,No
7963-GQRMY,F,0,Yes,Yes,3,Yes,DSL,No,No,No,Month-to-month,Mailed check,44.3,134.5,Yes
8189-HBVRW,F,0,No,No,53,Yes,FIBER OPTIC,Yes,No,No,Month-to-month,Electronic check,90.8,4921.2,No
4163-KIUHY,M,0,No,No,35,Yes,NO,No internet service,No internet service,No internet service,Month-to-month,Electronic check,25.6,901.25,No
1228-FZFRV,M,0,Yes,Yes,50,Yes,FIBER OPTIC,Yes,No,Yes,Month-to-month,Credit card (automatic),105.95,5341.8,Yes
3500-NSDOA,M,0,Yes,Yes,68,Yes,DSL,No,Yes,No,Two year,Credit card (automatic),70.8,4859.95,No
1171-TYKUR,M,0,Yes,No,47,Yes,NO,No internet service,No internet service,No internet service,Month-to-month,Electronic check,25.4,1139.2,No
3761-FLYZI,F,1,Yes,No,65,Yes,FIBER OPTIC,No,No,Yes,Month-to-month,Bank transfer (automatic),108.8,7082.45,No
2058-DCJBE,M,0,No,No,5,Yes,FIBER OPTIC,No,No,No,Month-to-month,Electronic check,69.75,324.6,Yes
5364-XYIRR,M,0,Yes,No,51,Yes,FIBER OPTIC,No,No,Yes,Month-to-month,Electronic check,94.65,4812.75,Yes
4829-AUOAX,F,0,No,No,46,Yes,FIBER OPTIC,No,No,Yes,Month-to-month,Bank transfer (automatic),96.05,4399.5,Yes
1219-NNDDO,F,0,No,No,9,Yes,FIBER OPTIC,No,No,No,Month-to-month,Electronic check,76.85,663.55,No
8388-DMKAE,F,0,No,No,8,Yes,NO,No internet service,No internet service,No internet service,Two year,Mailed check,20.25,174.65,No
4403-BWPAY,M,0,No,No,14,Yes,NO,No internet service,No internet service,No internet service,One year,Credit card (automatic),24.8,321.7,No
9659-QEQSY,F,0,No,No,45,Yes,FIBER OPTIC,Yes,Yes,Yes,Month-to-month,Electronic check,115.65,5125.5,No
5405-ZMYXQ,F,0,No,No,8,Yes,FIBER OPTIC,No,No,No,Month-to-month,Credit card (automatic),74.6,548.9,No
5047-LHVLY,M,1,No,Yes,1,Yes,DSL,No,No,No,Month-to-month,Mailed check,50.15,50.15,Yes
1442-OKRJE,M,0,Yes,Yes,66,Yes,FIBER OPTIC,Yes,No,Yes,One year,Bank transfer (automatic),103.15,7031.3,No
4737-AQCPU,M,0,Yes,Yes,72,Yes,DSL,Yes,Yes,No,Two year,Credit card (automatic),72.1,5016.65,No
9158-VCTQB,F,0,Yes,No,41,Yes,FIBER OPTIC,Yes,Yes,Yes,Month-to-month,Bank transfer (automatic),113.6,4594.95,Yes
2808-CHTDM,F,0,Yes,Yes,23,Yes,NO,No internet service,No internet service,No internet service,Two year,Mailed check,25.1,611.45,No
6311-UEUME,F,0,No,No,29,Yes,FIBER OPTIC,No,No,Yes,Month-to-month,Electronic check,78.9,2384.15,Yes
0793-TWELN,F,0,No,No,4,Yes,FIBER OPTIC,Yes,No,No,Month-to-month,Electronic check,80.15,319.85,No
3283-WCWXT,M,0,Yes,Yes,6,Yes,NO,No internet service,No internet service,No internet service,Two year,Mailed check,25.4,153.3,No
1060-ENTOF,F,1,Yes,No,67,Yes,FIBER OPTIC,Yes,Yes,No,One year,Credit card (automatic),105.4,7035.6,No
0999-QXNSA,M,1,No,Yes,7,Yes,DSL,No,No,No,Month-to-month,Mailed check,45.75,344.2,No
5451-MHQOF,M,0,Yes,Yes,56,Yes,NO,No internet service,No internet service,No internet service,One year,Mailed check,24.45,1431.65,No
4836-WNFNO,F,0,Yes,No,72,Yes,NO,No internet service,No internet service,No internet service,Two year,Credit card (automatic),25.0,1849.2,No
9225-BZLNZ,M,0,Yes,No,72,Yes,DSL,Yes,No,Yes,Two year,Electronic check,85.25,6083.1,No
0354-VXMJC,M,0,Yes,Yes,23,Yes,NO,No internet service,No internet service,No internet service,Two year,Credit card (automatic),19.6,426.65,No
4422-QVIJA,F,0,No,Yes,35,Yes,DSL,No,No,No,Month-to-month,Mailed check,50.15,1655.35,No
9365-SRSZE,M,1,Yes,No,27,Yes,FIBER OPTIC,No,No,No,Month-to-month,Electronic check,70.55,1943.9,No
6839-ITVZJ,F,0,Yes,Yes,26,Yes,DSL,No,Yes,No,Month-to-month,Electronic check,60.05,1616.15,Yes
8332-OSJDW,M,0,Yes,Yes,12,Yes,NO,No internet service,No internet service,No internet service,One year,Mailed check,26.4,314.95,No
4735-BJKOU,F,0,No,No,40,Yes,NO,No internet service,No internet service,No internet service,Two year,Mailed check,20.15,804.85,No
0274-JKUJR,M,0,Yes,Yes,7,No,DSL,Yes,No,Yes,Month-to-month,Mailed check,58.85,465.7,No
5740-YHGTW,M,0,Yes,Yes,70,Yes,FIBER OPTIC,Yes,No,Yes,Month-to-month,Credit card (automatic),97.55,6669.05,No
8917-SZTTJ,M,0,Yes,Yes,60,Yes,NO,No internet service,No internet service,No internet service,Two year,Credit card (automatic),19.65,1161.75,No
1696-MZVAU,M,0,Yes,Yes,39,No,DSL,No,No,No,One year,Credit card (automatic),25.25,947.75,No
7359-WWYJV,M,0,Yes,No,72,Yes,FIBER OPTIC,Yes,Yes,Yes,Two year,Credit card (automatic),114.45,8375.05,No
0375-HVGXO,F,0,No,No,1,No,DSL,No,No,Yes,Month-to-month,Electronic check,34.7,34.7,Yes
4906-ZHGPK,M,0,Yes,Yes,54,Yes,DSL,No,Yes,Yes,One year,Electronic check,70.7,3770.0,No
8593-WHYHV,M,0,No,No,3,Yes,FIBER OPTIC,No,No,No,Month-to-month,Electronic check,85.3,264.8,Yes
3795-GWTRD,F,0,Yes,Yes,63,Yes,DSL,Yes,Yes,Yes,Two year,Credit card (automatic),75.55,4707.85,No
1298-PHBTI,M,0,Yes,Yes,71,Yes,FIBER OPTIC,No,Yes,No,Two year,Electronic check,84.8,6152.4,No
6223-DHJGV,F,0,No,No,42,Yes,NO,No internet service,No internet service,No internet service,One year,Mailed check,20.65,958.1,No
6961-MJKBO,M,0,No,No,47,Yes,NO,No internet service,No internet service,No internet service,Two year,Bank transfer (automatic),20.45,943.0,No
6097-EQISJ,F,0,Yes,Yes,66,Yes,FIBER OPTIC,No,No,Yes,One year,Credit card (automatic),102.45,6615.15,Yes
4423-YLHDV,F,0,Yes,No,21,Yes,FIBER OPTIC,Yes,No,Yes,Month-to-month,Bank transfer (automatic),104.4,2200.25,Yes
8158-WPEZG,M,0,No,No,11,No,DSL,No,Yes,No,Month-to-month,Electronic check,35.65,425.1,No
0107-YHINA,M,0,No,Yes,1,Yes,FIBER OPTIC,No,No,Yes,Month-to-month,Electronic check,99.75,99.75,Yes
4918-FYJNT,F,1,Yes,No,55,Yes,FIBER OPTIC,No,Yes,No,Month-to-month,Electronic check,90.45,5044.8,No
0727-BNRLG,M,0,No,No,69,Yes,FIBER OPTIC,No,Yes,Yes,Two year,Credit card (automatic),97.65,6743.55,No
4854-CIDCF,F,1,No,No,3,Yes,FIBER OPTIC,No,No,No,Month-to-month,Electronic check,73.85,196.4,No
8640-SDGKB,M,0,No,No,4,Yes,DSL,No,Yes,Yes,Month-to-month,Electronic check,74.4,299.7,Yes
3280-MRDOF,M,1,No,No,30,Yes,DSL,No,Yes,Yes,Two year,Credit card (automatic),69.1,2093.9,No
6435-SRWBJ,F,0,No,No,5,Yes,FIBER OPTIC,No,Yes,No,Month-to-month,Electronic check,82.75,417.75,No
9964-WBQDJ,F,0,Yes,No,71,Yes,NO,No internet service,No internet service,No internet service,Two year,Credit card (automatic),24.4,1725.4,No
6303-KFWSL,F,0,No,No,29,Yes,DSL,No,No,No,One year,Electronic check,55.25,1620.2,No
1702-CCFNJ,M,0,Yes,No,52,Yes,DSL,No,Yes,No,Month-to-month,Bank transfer (automatic),61.35,3169.55,No
8932-CZHRQ,M,0,No,No,68,Yes,DSL,Yes,No,No,One year,Credit card (automatic),76.75,5233.25,No
0386-CWRGM,F,0,Yes,Yes,46,Yes,NO,No internet service,No internet service,No internet service,Two year,Mailed check,19.4,967.85,No
5515-RUGKN,M,0,No,No,8,Yes,DSL,No,No,No,Month-to-month,Credit card (automatic),54.75,438.05,No
0404-AHASP,M,0,Yes,No,72,Yes,NO,No internet service,No internet service,No internet service,Two year,Credit card (automatic),19.7,1421.9,No
7279-NMVJC,F,0,No,No,17,Yes,NO,No internet service,No internet service,No internet service,One year,Bank transfer (automatic),19.9,323.15,No
2081-VEYEH,M,0,No,No,3,Yes,FIBER OPTIC,No,Yes,Yes,Month-to-month,Electronic check,107.95,318.6,No
6407-UTSLV,F,1,No,No,2,Yes,FIBER OPTIC,No,No,Yes,Month-to-month,Bank transfer (automatic),83.8,163.7,No
4116-TZAQJ,F,0,No,No,9,Yes,FIBER OPTIC,Yes,No,No,Month-to-month,Credit card (automatic),74.25,639.65,Yes
9060-HJJRW,F,0,No,No,51,No,DSL,No,No,Yes,One year,Credit card (automatic),56.4,2928.5,No
2587-YNLES,F,0,Yes,Yes,6,Yes,NO,No internet service,No internet service,No internet service,Two year,Mailed check,20.1,100.35,No
7398-SKNQZ,F,0,Yes,No,3,Yes,FIBER OPTIC,No,No,Yes,Month-to-month,Electronic check,94.9,273.2,No
5935-FCCNB,F,1,No,No,17,Yes,FIBER OPTIC,No,No,Yes,Month-to-month,Electronic check,94.2,1608.15,No
1958-RNRKS,M,0,Yes,No,30,Yes,DSL,No,No,No,Month-to-month,Electronic check,49.9,1441.95,No
5136-RGMZO,M,0,No,No,31,Yes,DSL,No,Yes,Yes,Month-to-month,Electronic check,71.05,2168.15,No
8345-MVDYC,F,0,No,No,45,Yes,DSL,Yes,Yes,Yes,Two year,Bank transfer (automatic),81.65,3618.7,No
8226-BXGES,M,0,Yes,No,64,Yes,FIBER OPTIC,Yes,No,No,One year,Bank transfer (automatic),89.45,5692.65,No
3877-JRJIP,M,0,No,No,1,Yes,DSL,No,No,Yes,Month-to-month,Electronic check,59.85,59.85,Yes
8375-DKEBR,F,1,No,No,1,Yes,FIBER OPTIC,No,No,No,Month-to-month,Electronic check,69.6,69.6,Yes
9705-IOVQQ,M,1,Yes,Yes,61,Yes,FIBER OPTIC,No,No,Yes,One year,Electronic check,99.0,5969.3,No
1015-OWJKI,M,0,No,No,1,Yes,NO,No internet service,No internet service,No internet service,Month-to-month,Mailed check,19.05,19.05,No
7511-YMXVQ,M,0,No,No,9,No,DSL,No,No,Yes,Month-to-month,Electronic check,45.4,418.8,Yes
2040-XBAVJ,M,0,Yes,Yes,72,Yes,FIBER OPTIC,Yes,Yes,Yes,Two year,Bank transfer (automatic),114.45,8100.55,No
7551-JOHTI,F,0,No,No,1,Yes,NO,No internet service,No internet service,No internet service,Month-to-month,Mailed check,19.5,19.5,Yes
8887-IPQNC,F,0,Yes,No,7,Yes,DSL,No,No,No,Month-to-month,Mailed check,44.25,313.45,No
8646-JCOMS,F,0,Yes,No,66,Yes,FIBER OPTIC,No,Yes,No,One year,Bank transfer (automatic),90.55,6130.95,No
9804-ICWBG,M,0,No,No,1,Yes,FIBER OPTIC,No,No,No,Month-to-month,Electronic check,69.9,69.9,Yes
1222-KJNZD,M,0,Yes,Yes,40,Yes,NO,No internet service,No internet service,No internet service,Month-to-month,Bank transfer (automatic),20.4,745.3,No
0106-GHRQR,M,0,No,No,16,Yes,DSL,No,No,No,Month-to-month,Bank transfer (automatic),71.4,1212.1,No
5318-IXUZF,F,0,No,No,2,Yes,FIBER OPTIC,No,No,Yes,Month-to-month,Bank transfer (automatic),87.15,183.75,Yes
3768-VHXQO,M,0,Yes,No,67,Yes,NO,No internet service,No internet service,No internet service,Two year,Credit card (automatic),24.85,1583.5,No
8952-WCVCD,F,0,Yes,No,41,Yes,FIBER OPTIC,Yes,No,Yes,One year,Bank transfer (automatic),104.45,4162.05,No
2418-TPEUN,F,0,Yes,Yes,56,Yes,NO,No internet service,No internet service,No internet service,Two year,Credit card (automatic),19.8,1119.9,No
3963-RYFNS,F,0,No,No,72,Yes,FIBER OPTIC,Yes,Yes,Yes,Two year,Bank transfer (automatic),116.45,8013.55,No
3198-VELRD,F,0,Yes,Yes,3,Yes,FIBER OPTIC,No,No,No,Month-to-month,Bank transfer (automatic),84.75,264.85,Yes
8540-ZQGEA,F,0,Yes,No,54,Yes,NO,No internet service,No internet service,No internet service,Two year,Credit card (automatic),20.05,1102.4,No
1320-REHCS,M,1,No,No,52,Yes,FIBER OPTIC,No,Yes,Yes,Month-to-month,Electronic check,110.75,5832.0,No
4137-JOPHL,F,0,No,No,50,Yes,FIBER OPTIC,No,Yes,No,Two year,Bank transfer (automatic),89.7,4304.5,No
9436-ZBZCT,M,0,No,No,14,Yes,FIBER OPTIC,No,Yes,Yes,Month-to-month,Electronic check,89.95,1178.4,Yes
7801-CEDNV,M,0,Yes,No,27,Yes,DSL,Yes,No,No,One year,Credit card (automatic),48.7,1421.75,No
2057-BOYKM,F,1,Yes,No,72,Yes,FIBER OPTIC,Yes,Yes,No,Two year,Bank transfer (automatic),96.6,6827.5,No
3658-QQJYD,M,0,No,No,62,Yes,DSL,Yes,No,Yes,One year,Credit card (automatic),74.3,4698.05,No
1803-BGNBD,F,0,No,No,12,Yes,DSL,No,Yes,No,Month-to-month,Electronic check,54.3,654.5,No
0134-XWXCE,F,1,No,No,44,Yes,DSL,No,Yes,Yes,One year,Bank transfer (automatic),74.85,3268.05,No
6950-TWMYB,M,0,Yes,Yes,54,Yes,FIBER OPTIC,No,Yes,No,Two year,Bank transfer (automatic),79.95,4362.05,No
5848-FHRFC,F,0,No,No,68,Yes,NO,No internet service,No internet service,No internet service,Two year,Bank transfer (automatic),20.05,1386.9,No
2243-FNMMI,M,0,No,No,20,Yes,NO,No internet service,No internet service,No internet service,Month-to-month,Mailed check,19.4,415.4,No
2511-MORQY,M,0,Yes,Yes,50,Yes,DSL,No,No,No,One year,Bank transfer (automatic),54.9,2614.1,No
5356-KZCKT,M,0,No,No,58,Yes,NO,No internet service,No internet service,No internet service,Two year,Credit card (automatic),24.45,1513.6,No
9470-XCCEM,M,0,Yes,Yes,35,Yes,FIBER OPTIC,No,No,Yes,Month-to-month,Bank transfer (automatic),89.65,3161.6,No
6519-CFDBX,F,0,No,No,2,Yes,DSL,No,No,No,Month-to-month,Electronic check,45.4,80.95,No
3902-MIVLE,M,0,Yes,Yes,63,Yes,DSL,Yes,Yes,No,Two year,Mailed check,75.7,4676.7,No
0409-WTMPL,F,0,Yes,No,58,Yes,FIBER OPTIC,Yes,No,Yes,One year,Credit card (automatic),110.65,6526.65,No
8763-KIAFH,F,0,Yes,Yes,27,Yes,NO,No internet service,No internet service,No internet service,One year,Mailed check,20.55,583.3,No
3669-WHAFY,F,0,Yes,No,71,Yes,FIBER OPTIC,Yes,Yes,Yes,Two year,Credit card (automatic),115.15,8078.1,No
3055-VTCGS,F,0,No,No,63,Yes,DSL,No,No,No,One year,Credit card (automatic),58.55,3503.5,No
3144-KMTWZ,M,0,Yes,No,71,Yes,FIBER OPTIC,No,No,No,Month-to-month,Bank transfer (automatic),93.25,6669.45,No
7279-BUYWN,F,1,No,No,41,Yes,FIBER OPTIC,Yes,No,Yes,Month-to-month,Electronic check,113.2,4689.5,Yes
7156-MHUGY,M,1,No,No,13,Yes,FIBER OPTIC,No,No,Yes,Month-to-month,Electronic check,90.5,1201.15,Yes
7198-GLXTC,M,0,No,No,2,Yes,FIBER OPTIC,No,No,Yes,Month-to-month,Electronic check,79.0,143.65,Yes
2007-QVGAW,F,0,Yes,Yes,68,Yes,NO,No internet service,No internet service,No internet service,Two year,Bank transfer (automatic),19.35,1292.65,No
5207-PLSTK,M,0,Yes,Yes,1,Yes,DSL,Yes,No,No,Month-to-month,Mailed check,48.75,48.75,No
2307-FYNNL,M,1,No,No,65,Yes,FIBER OPTIC,Yes,Yes,Yes,Two year,Electronic check,109.05,7108.2,No
5605-XNWEN,M,1,Yes,No,72,Yes,NO,No internet service,No internet service,No internet service,Two year,Bank transfer (automatic),25.0,1802.55,No
2155-AMQRX,F,0,No,No,28,Yes,DSL,No,Yes,No,Month-to-month,Credit card (automatic),54.9,1505.15,No
6181-AXXYF,M,0,Yes,Yes,72,Yes,NO,No internet service,No internet service,No internet service,Two year,Credit card (automatic),24.75,1859.1,No
5091-HFAZW,F,0,No,No,2,Yes,FIBER OPTIC,Yes,No,Yes,Month-to-month,Electronic check,91.15,168.5,No
0516-VRYBW,F,0,No,Yes,18,Yes,NO,No internet service,No internet service,No internet service,One year,Bank transfer (automatic),20.15,390.85,Yes
2519-LBNQL,M,1,Yes,No,60,Yes,FIBER OPTIC,No,No,Yes,One year,Electronic check,104.35,6339.45,No
8623-ULFNQ,F,1,No,No,26,Yes,DSL,No,Yes,No,Month-to-month,Electronic check,66.05,1652.4,No
8380-PEFPE,M,0,No,Yes,1,Yes,FIBER OPTIC,No,No,No,Month-to-month,Electronic check,71.65,71.65,Yes
5687-DKDTV,F,0,No,No,4,Yes,NO,No internet service,No internet service,No internet service,Month-to-month,Mailed check,20.35,77.5,Yes
1568-LJSZU,M,0,Yes,Yes,68,Yes,DSL,Yes,Yes,Yes,Two year,Credit card (automatic),92.2,6392.85,No
7530-HDYDS,F,0,No,No,38,Yes,FIBER OPTIC,No,Yes,No,Month-to-month,Credit card (automatic),84.25,3264.5,Yes
7789-HKSBS,F,1,Yes,No,42,Yes,FIBER OPTIC,Yes,No,Yes,One year,Bank transfer (automatic),105.2,4599.15,No
7416-CKTEP,F,0,Yes,No,57,Yes,NO,No internet service,No internet service,No internet service,Two year,Bank transfer (automatic),19.6,1134.25,No
2586-CWXVV,M,0,Yes,No,54,No,DSL,No,No,No,Month-to-month,Electronic check,30.4,1621.35,No
3096-IZETN,F,0,No,No,12,Yes,FIBER OPTIC,No,No,No,Month-to-month,Bank transfer (automatic),78.1,947.3,Yes
2348-KCJLT,F,0,Yes,No,44,Yes,DSL,Yes,No,No,One year,Mailed check,61.5,2722.2,No
8401-EMUWF,M,0,Yes,Yes,42,Yes,DSL,Yes,No,Yes,Month-to-month,Bank transfer (automatic),69.4,3058.3,No
4193-IBKSW,M,0,Yes,Yes,72,Yes,NO,No internet service,No internet service,No internet service,Two year,Bank transfer (automatic),24.75,1769.6,No
5377-NDTOU,F,0,Yes,Yes,71,Yes,DSL,Yes,Yes,Yes,Two year,Mailed check,91.05,6293.75,No
5922-ABDVO,F,0,Yes,No,19,Yes,FIBER OPTIC,No,No,No,Month-to-month,Mailed check,89.65,1761.05,Yes
2474-LCNUE,F,0,Yes,No,23,Yes,DSL,No,Yes,Yes,Month-to-month,Credit card (automatic),73.65,1642.75,No
0839-QNXME,F,0,No,No,30,Yes,NO,No internet service,No internet service,No internet service,Two year,Credit card (automatic),19.4,578.5,No
3506-OVLKD,M,0,No,No,35,Yes,NO,No internet service,No internet service,No internet service,One year,Bank transfer (automatic),26.2,954.9,No
9172-ANCRX,F,0,No,No,10,Yes,FIBER OPTIC,Yes,No,Yes,Month-to-month,Electronic check,98.7,973.25,Yes
6650-VJONK,M,0,No,No,1,Yes,DSL,No,No,No,Month-to-month,Bank transfer (automatic),43.85,43.85,No
2178-PMGCJ,M,0,No,No,22,Yes,FIBER OPTIC,No,No,No,Month-to-month,Mailed check,69.7,1490.4,No
7492-TAFJD,M,0,Yes,Yes,7,No,DSL,Yes,No,No,Two year,Mailed check,38.55,280.0,No
2773-MADBQ,F,0,No,No,36,No,DSL,Yes,Yes,No,Two year,Mailed check,53.1,1901.25,No
6016-LVTJQ,F,0,Yes,Yes,34,Yes,NO,No internet service,No internet service,No internet service,Month-to-month,Mailed check,20.65,716.4,No
7860-KSUGX,M,0,Yes,Yes,72,Yes,DSL,Yes,No,No,Two year,Credit card (automatic),64.45,4720.0,No
8966-KZXXA,M,0,Yes,Yes,36,Yes,NO,No internet service,No internet service,No internet service,Two year,Credit card (automatic),25.1,930.95,No
6910-HADCM,F,0,No,No,1,Yes,FIBER OPTIC,No,No,No,Month-to-month,Electronic check,76.35,76.35,Yes
4816-LXZYW,F,0,No,No,23,Yes,FIBER OPTIC,No,No,No,Month-to-month,Electronic check,79.15,1676.95,Yes
9606-PBKBQ,M,1,Yes,No,32,Yes,FIBER OPTIC,No,No,No,Month-to-month,Electronic check,85.0,2642.05,Yes
5149-QYTTU,F,0,Yes,Yes,71,Yes,FIBER OPTIC,Yes,Yes,No,One year,Credit card (automatic),95.15,6770.85,No
2070-XYMFH,F,1,No,No,23,Yes,FIBER OPTIC,No,No,No,Month-to-month,Mailed check,79.35,1835.3,No
2085-BOJKI,M,0,Yes,No,17,Yes,FIBER OPTIC,No,No,Yes,One year,Bank transfer (automatic),96.65,1588.25,No
0817-HSUSE,M,0,No,No,1,Yes,DSL,No,Yes,Yes,Month-to-month,Electronic check,75.5,75.5,No
5442-PPTJY,M,0,Yes,Yes,12,Yes,NO,No internet service,No internet service,No internet service,Two year,Mailed check,19.7,258.35,No
1927-QEWMY,F,0,Yes,No,72,Yes,NO,No internet service,No internet service,No internet service,Two year,Credit card (automatic),20.5,1502.25,No
1663-MHLHE,M,0,No,No,1,Yes,NO,No internet service,No internet service,No internet service,Month-to-month,Mailed check,19.2,19.2,No
5663-QBGIS,M,1,Yes,No,72,Yes,FIBER OPTIC,No,No,Yes,Two year,Bank transfer (automatic),98.35,6929.4,No
4450-MDZFX,M,0,Yes,Yes,60,Yes,FIBER OPTIC,No,No,No,Month-to-month,Bank transfer (automatic),74.35,4453.3,No
6701-DHKWQ,F,0,Yes,Yes,61,No,DSL,No,Yes,Yes,Two year,Credit card (automatic),51.35,3244.4,No
7554-AKDQF,F,0,Yes,No,6,Yes,DSL,No,No,No,Month-to-month,Mailed check,45.65,323.45,No
3536-IQCTX,M,1,Yes,No,32,Yes,FIBER OPTIC,No,No,No,Month-to-month,Electronic check,85.3,2661.1,Yes
4911-BANWH,F,0,No,Yes,31,Yes,FIBER OPTIC,No,No,Yes,Month-to-month,Credit card (automatic),86.55,2697.4,Yes
8496-EJAUI,M,0,No,No,19,Yes,FIBER OPTIC,No,No,No,Month-to-month,Credit card (automatic),73.85,1424.5,Yes
0794-YVSGE,M,0,Yes,Yes,72,Yes,NO,No internet service,No internet service,No internet service,Two year,Bank transfer (automatic),20.3,1401.15,No
5423-BHIXO,F,0,No,No,32,Yes,DSL,No,No,No,Month-to-month,Electronic check,54.2,1739.6,No
6908-VVYHM,M,0,Yes,No,65,Yes,FIBER OPTIC,No,No,No,Month-to-month,Electronic check,90.65,5931.0,No
2959-EEXWB,F,0,Yes,Yes,45,No,DSL,Yes,No,Yes,Month-to-month,Bank transfer (automatic),50.9,2333.85,No
1839-UMACK,M,0,No,No,42,Yes,NO,No internet service,No internet service,No internet service,One year,Electronic check,25.05,949.85,No
3030-YDNRM,M,0,No,No,8,Yes,FIBER OPTIC,No,No,No,Month-to-month,Electronic check,74.85,572.45,No
7321-KKSDU,M,0,No,Yes,32,Yes,NO,No internet service,No internet service,No internet service,Two year,Mailed check,20.5,696.8,No
3402-XRIUO,F,1,Yes,No,22,Yes,DSL,Yes,Yes,No,Month-to-month,Mailed check,63.55,1381.8,No
3132-TVFDZ,M,1,Yes,No,57,No,DSL,No,No,Yes,Month-to-month,Electronic check,44.85,2572.95,Yes
8286-AFUYI,M,0,No,No,1,Yes,DSL,Yes,No,No,Month-to-month,Electronic check,47.95,47.95,No
8080-DDEMJ,M,1,No,No,1,Yes,DSL,No,No,No,Month-to-month,Electronic check,45.1,45.1,Yes
8356-WUAOJ,F,0,Yes,No,1,Yes,DSL,No,No,No,Month-to-month,Electronic check,45.0,45.0,No
6365-MTGZX,M,0,No,No,24,Yes,FIBER OPTIC,No,Yes,Yes,Month-to-month,Electronic check,96.0,2122.45,Yes
1349-WXNGG,M,0,No,No,1,Yes,NO,No internet service,No internet service,No internet service,Month-to-month,Bank transfer (automatic),20.05,20.05,Yes
8058-DMYRU,M,1,No,No,54,Yes,FIBER OPTIC,No,No,No,Month-to-month,Electronic check,90.05,4931.8,No
9350-ZXYJC,F,0,No,No,4,Yes,NO,No internet service,No internet service,No internet service,Two year,Credit card (automatic),25.3,116.95,No
6990-YNRIO,M,0,Yes,Yes,65,Yes,FIBER OPTIC,Yes,Yes,Yes,Two year,Bank transfer (automatic),108.65,6937.95,Yes
8958-JPTRR,F,0,Yes,No,56,Yes,NO,No internet service,No internet service,No internet service,One year,Electronic check,24.3,1261.7,No
6959-GQEGV,M,0,No,No,45,Yes,DSL,Yes,No,Yes,Month-to-month,Electronic check,75.95,3273.8,No
3173-WSSUE,F,0,Yes,Yes,71,Yes,NO,No internet service,No internet service,No internet service,Two year,Credit card (automatic),19.7,1415.85,No
1265-HVPZB,M,0,Yes,No,59,Yes,DSL,Yes,No,Yes,One year,Credit card (automatic),66.4,3958.2,No
4115-UMJFQ,M,0,No,No,69,No,DSL,No,No,No,One year,Bank transfer (automatic),35.75,2492.25,No
7369-TRPFD,M,0,No,No,19,Yes,NO,No internet service,No internet service,No internet service,One year,Mailed check,18.8,279.2,No
1098-KFQEC,F,0,Yes,Yes,55,Yes,NO,No internet service,No internet service,No internet service,Two year,Credit card (automatic),19.4,1083.0,No
7190-XHTWJ,F,0,No,No,38,Yes,NO,No internet service,No internet service,No internet service,One year,Mailed check,19.3,755.5,No
0621-TWIEM,M,0,No,No,10,Yes,DSL,No,No,No,Month-to-month,Electronic check,45.55,402.6,Yes
3537-RYBHH,F,1,Yes,No,47,Yes,DSL,Yes,No,No,Month-to-month,Credit card (automatic),67.45,3252.0,No
2485-ITVKB,F,0,Yes,No,2,No,DSL,No,No,No,Month-to-month,Electronic check,35.1,68.75,Yes
3669-OYSJI,M,0,No,No,1,Yes,DSL,No,No,No,Month-to-month,Credit card (automatic),46.2,46.2,Yes
1612-EOHDH,F,0,No,No,1,Yes,DSL,No,No,No,Month-to-month,Electronic check,45.15,45.15,Yes
6702-OHFWR,M,1,No,No,1,No,DSL,No,No,No,Month-to-month,Electronic check,43.3,43.3,Yes
5296-BFCYD,M,0,Yes,Yes,46,Yes,NO,No internet service,No internet service,No internet service,Two year,Mailed check,20.1,936.85,No
4510-PYUSH,F,1,No,No,38,Yes,DSL,Yes,No,No,Month-to-month,Credit card (automatic),57.15,2250.65,Yes
9359-JANWS,F,0,Yes,No,65,Yes,DSL,Yes,Yes,No,Two year,Credit card (automatic),58.9,3857.1,No
7517-SAWMO,F,0,Yes,No,19,Yes,FIBER OPTIC,Yes,No,No,Month-to-month,Electronic check,73.2,1441.1,Yes
4143-HHPMK,M,0,No,No,52,Yes,FIBER OPTIC,No,No,No,Month-to-month,Electronic check,85.35,4338.6,Yes
3279-DYZQM,M,0,Yes,Yes,71,Yes,NO,No internet service,No internet service,No internet service,Two year,Mailed check,19.45,1378.45,No
7054-LGEQW,F,0,No,No,1,Yes,DSL,No,No,No,Month-to-month,Mailed check,45.95,45.95,Yes
0523-VNGTF,F,1,No,No,52,No,DSL,No,Yes,Yes,Month-to-month,Electronic check,50.5,2566.3,No
9575-IWCAZ,M,0,Yes,No,6,Yes,NO,No internet service,No internet service,No internet service,One year,Mailed check,25.1,171.0,No
7105-MXJLL,F,1,Yes,No,26,Yes,DSL,No,No,No,One year,Mailed check,60.7,1597.4,No
7064-FRRSW,M,1,No,No,48,Yes,FIBER OPTIC,No,No,Yes,One year,Electronic check,99.0,4744.35,No
7940-UQQUG,F,0,Yes,Yes,64,Yes,FIBER OPTIC,Yes,Yes,Yes,One year,Bank transfer (automatic),104.4,6721.6,No
0923-PNFUB,F,0,No,No,3,Yes,FIBER OPTIC,No,No,Yes,Month-to-month,Electronic check,83.75,247.25,Yes
3961-SXAXY,M,0,No,No,1,Yes,DSL,No,No,No,Month-to-month,Bank transfer (automatic),44.05,44.05,No
7010-BRBUU,M,0,Yes,Yes,72,Yes,NO,No internet service,No internet service,No internet service,Two year,Credit card (automatic),24.1,1734.65,No
3566-HJGPK,M,0,No,No,1,Yes,DSL,No,No,No,Month-to-month,Mailed check,45.55,45.55,No
3062-ICYZQ,F,0,Yes,Yes,51,Yes,FIBER OPTIC,Yes,No,No,Month-to-month,Electronic check,93.8,4539.35,No
9938-PRCVK,F,0,Yes,Yes,41,Yes,NO,No internet service,No internet service,No internet service,Two year,Bank transfer (automatic),19.7,804.25,No
0973-KYVNF,F,0,Yes,Yes,72,Yes,DSL,Yes,No,Yes,Two year,Credit card (automatic),70.65,5011.15,No
5129-HHMZC,F,0,Yes,No,43,Yes,DSL,Yes,Yes,Yes,Two year,Credit card (automatic),86.45,3574.5,No
9637-CDTKZ,M,0,Yes,No,72,Yes,FIBER OPTIC,Yes,Yes,Yes,Two year,Credit card (automatic),114.1,8086.4,No
3946-JEWRQ,M,0,Yes,No,47,Yes,FIBER OPTIC,No,No,Yes,One year,Credit card (automatic),95.2,4563.0,No
7873-CVMAW,M,0,No,No,72,Yes,DSL,Yes,Yes,Yes,Two year,Credit card (automatic),88.55,6362.35,No
0463-WZZKO,M,0,No,No,3,Yes,NO,No internet service,No internet service,No internet service,Month-to-month,Credit card (automatic),20.75,67.1,No
3494-JCHRQ,M,0,No,No,1,Yes,FIBER OPTIC,No,No,No,Month-to-month,Electronic check,70.05,70.05,Yes
6474-FVJLC,M,0,No,No,2,Yes,FIBER OPTIC,No,No,No,Month-to-month,Electronic check,86.0,165.45,Yes
4524-QCSSM,M,0,No,No,26,No,DSL,Yes,No,No,Month-to-month,Bank transfer (automatic),44.65,1156.55,No
5832-EXGTT,M,0,Yes,Yes,29,Yes,DSL,Yes,No,No,Month-to-month,Mailed check,60.2,1834.15,No
8840-DQLGN,F,1,Yes,No,35,Yes,FIBER OPTIC,Yes,Yes,Yes,Month-to-month,Bank transfer (automatic),100.5,3653.35,Yes
2039-JONDJ,M,0,No,No,27,Yes,DSL,Yes,No,No,One year,Bank transfer (automatic),55.45,1477.65,No
7217-JYHOQ,M,0,Yes,Yes,24,Yes,DSL,Yes,Yes,No,Month-to-month,Credit card (automatic),70.3,1706.45,No
6695-FRVEC,M,0,Yes,Yes,67,Yes,DSL,Yes,Yes,No,Two year,Bank transfer (automatic),60.4,3953.7,No
4547-LYTDD,F,0,No,No,16,Yes,FIBER OPTIC,No,No,No,Month-to-month,Electronic check,72.65,1194.3,Yes
9894-QMIMJ,F,0,No,No,23,Yes,DSL,No,No,No,One year,Bank transfer (automatic),55.8,1327.85,No
8069-YQQAJ,M,0,No,No,14,No,DSL,No,No,No,Month-to-month,Mailed check,31.1,419.7,No
6770-XUAGN,F,0,Yes,Yes,1,Yes,NO,No internet service,No internet service,No internet service,Month-to-month,Electronic check,21.0,21.0,Yes
4193-ORFCL,F,1,No,No,1,Yes,DSL,No,No,No,Month-to-month,Mailed check,45.1,45.1,Yes
1636-NTNCO,M,1,No,No,4,No,DSL,No,No,Yes,Month-to-month,Credit card (automatic),50.95,207.35,No
3466-WAESX,M,0,No,Yes,16,Yes,DSL,Yes,No,No,Month-to-month,Electronic check,69.1,1083.7,No
9281-PKKZE,F,0,Yes,No,46,No,DSL,No,No,Yes,Month-to-month,Electronic check,43.95,2007.85,No
3638-VBZTA,M,0,No,Yes,68,Yes,DSL,Yes,Yes,Yes,Two year,Bank transfer (automatic),86.5,5882.75,No
7459-IMVYU,M,0,No,No,38,Yes,DSL,Yes,Yes,No,Month-to-month,Electronic check,69.95,2657.55,No
7776-QWNFX,M,1,Yes,No,30,Yes,DSL,No,No,No,Month-to-month,Bank transfer (automatic),50.4,1527.5,Yes
6689-TCZHQ,F,1,No,No,5,Yes,FIBER OPTIC,No,No,No,Month-to-month,Electronic check,78.95,378.4,Yes
8563-OYMQY,M,0,No,No,17,Yes,FIBER OPTIC,No,No,No,Month-to-month,Credit card (automatic),90.95,1612.2,No
0754-EEBDC,M,0,Yes,Yes,4,Yes,NO,No internet service,No internet service,No internet service,Two year,Mailed check,19.9,76.65,No
5777-ZPQNC,F,0,No,No,12,Yes,NO,No internet service,No internet service,No internet service,One year,Electronic check,20.15,260.7,No
1951-IEYXM,M,0,Yes,Yes,72,Yes,DSL,Yes,Yes,Yes,Two year,Credit card (automatic),90.6,6441.85,No
3318-NMQXL,M,0,No,No,3,Yes,FIBER OPTIC,No,No,Yes,Month-to-month,Electronic check,92.0,266.8,No
3143-ILDAL,M,0,No,No,56,Yes,FIBER OPTIC,No,Yes,No,Month-to-month,Electronic check,94.45,5124.6,Yes
1022-RKXDR,F,0,No,No,41,Yes,NO,No internet service,No internet service,No internet service,One year,Mailed check,24.85,962.25,No
2361-FJWNO,M,0,No,No,40,No,DSL,No,Yes,No,One year,Credit card (automatic),36.0,1382.9,No
2272-UOINI,F,0,No,No,7,Yes,DSL,Yes,Yes,Yes,Month-to-month,Electronic check,78.5,571.05,No
8232-UTFOZ,M,0,No,No,69,Yes,NO,No internet service,No internet service,No internet service,Two year,Credit card (automatic),19.95,1399.35,No
3750-YHRYO,M,0,Yes,Yes,7,Yes,NO,No internet service,No internet service,No internet service,One year,Mailed check,20.65,150.0,No
6637-KYRCV,F,0,Yes,Yes,5,No,DSL,No,No,No,Month-to-month,Electronic check,30.5,167.2,No
5668-MEISB,F,0,Yes,Yes,72,Yes,FIBER OPTIC,Yes,Yes,Yes,Two year,Credit card (automatic),106.1,7657.4,No
0129-QMPDR,M,0,Yes,Yes,44,Yes,NO,No internet service,No internet service,No internet service,One year,Bank transfer (automatic),20.5,865.05,No
7188-CBBBA,F,0,No,No,65,Yes,FIBER OPTIC,No,No,Yes,One year,Electronic check,95.5,6153.85,No
5356-CSVSQ,F,0,No,No,3,Yes,DSL,No,Yes,Yes,Month-to-month,Electronic check,64.6,174.2,No
3221-CJMSG,M,0,No,No,24,Yes,DSL,No,Yes,No,Month-to-month,Credit card (automatic),51.1,1269.6,No
4720-VSTSI,F,0,No,No,44,Yes,FIBER OPTIC,No,No,No,Month-to-month,Bank transfer (automatic),84.8,3862.55,Yes
3219-JQRSL,F,1,Yes,No,72,Yes,DSL,Yes,Yes,Yes,Two year,Credit card (automatic),89.1,6352.4,No
2801-NISEI,M,0,No,No,24,Yes,DSL,Yes,Yes,No,Month-to-month,Electronic check,54.95,1348.5,No
3946-MHCZW,M,0,No,No,1,Yes,DSL,No,No,No,Month-to-month,Mailed check,50.9,50.9,Yes
4623-ZKHLY,M,0,Yes,No,22,Yes,NO,No internet service,No internet service,No internet service,Month-to-month,Bank transfer (automatic),20.45,471.55,No
6732-VAILE,M,0,Yes,Yes,70,Yes,DSL,No,Yes,Yes,Two year,Credit card (automatic),85.95,5931.75,No
8201-AAXCB,M,0,Yes,Yes,25,Yes,DSL,No,No,Yes,Month-to-month,Electronic check,60.35,1404.65,No
7696-CFTAT,M,0,Yes,Yes,37,Yes,NO,No internet service,No internet service,No internet service,Two year,Bank transfer (automatic),19.8,726.1,No
1845-CSBRZ,F,1,Yes,Yes,22,Yes,FIBER OPTIC,No,No,Yes,Month-to-month,Bank transfer (automatic),85.35,1961.6,No
2123-VSCOT,F,0,Yes,Yes,59,Yes,DSL,No,Yes,Yes,Two year,Bank transfer (automatic),72.1,4194.85,No
6651-AZVTJ,M,0,Yes,Yes,49,Yes,FIBER OPTIC,No,No,Yes,Month-to-month,Electronic check,99.8,4872.45,Yes
4566-GOLUK,M,0,Yes,Yes,47,Yes,FIBER OPTIC,No,Yes,Yes,Month-to-month,Bank transfer (automatic),107.35,5118.95,Yes
2484-DGXPZ,F,0,Yes,Yes,31,Yes,NO,No internet service,No internet service,No internet service,Month-to-month,Mailed check,19.55,658.95,Yes
2018-QKYGT,M,0,Yes,Yes,1,Yes,FIBER OPTIC,No,No,No,Month-to-month,Electronic check,81.05,81.05,No
2792-VPPET,M,0,No,No,3,Yes,NO,No internet service,No internet service,No internet service,Month-to-month,Electronic check,20.5,76.95,No
7409-JURKQ,F,0,Yes,No,53,Yes,FIBER OPTIC,No,Yes,Yes,One year,Bank transfer (automatic),111.8,5809.75,No
3247-MHJKM,M,0,No,No,1,Yes,NO,No internet service,No internet service,No internet service,Month-to-month,Mailed check,20.2,20.2,No
1964-SVLEA,M,0,No,No,20,Yes,NO,No internet service,No internet service,No internet service,One year,Mailed check,19.7,415.9,No
4587-NUKOX,F,0,No,No,3,Yes,FIBER OPTIC,Yes,No,No,Month-to-month,Electronic check,79.1,246.5,Yes
7297-DVYGA,F,0,No,No,51,Yes,NO,No internet service,No internet service,No internet service,One year,Bank transfer (automatic),19.85,996.95,No
2239-CGBUZ,F,0,Yes,No,51,Yes,DSL,Yes,Yes,No,One year,Bank transfer (automatic),60.5,3145.15,No
0854-UYHZD,F,0,Yes,Yes,13,Yes,NO,No internet service,No internet service,No internet service,Two year,Mailed check,19.55,265.3,No
7243-LCGGZ,F,0,No,No,1,Yes,NO,No internet service,No internet service,No internet service,Month-to-month,Mailed check,20.9,20.9,No
8267-KFGYD,M,0,No,Yes,1,Yes,NO,No internet service,No internet service,No internet service,Month-to-month,Mailed check,21.05,21.05,No
4890-VMUAV,M,0,No,No,63,Yes,DSL,Yes,Yes,No,One year,Electronic check,71.5,4576.3,No
9261-WDCAF,M,0,No,No,3,Yes,DSL,No,No,No,Month-to-month,Mailed check,54.65,189.1,No
3764-MNMOI,M,0,No,No,46,Yes,NO,No internet service,No internet service,No internet service,Two year,Credit card (automatic),19.2,908.15,No
7442-YGZFK,M,0,No,No,1,Yes,DSL,No,No,No,Month-to-month,Credit card (automatic),49.8,49.8,No
0420-BWTPW,M,0,No,Yes,8,No,DSL,No,No,No,Month-to-month,Mailed check,25.5,215.2,Yes
8229-BUJHX,F,0,Yes,Yes,71,Yes,NO,No internet service,No internet service,No internet service,Two year,Bank transfer (automatic),20.5,1500.95,No
7449-HVPIV,M,0,Yes,Yes,55,Yes,FIBER OPTIC,No,No,Yes,Month-to-month,Credit card (automatic),90.4,5099.15,No
5504-WSIUR,F,0,No,No,70,Yes,FIBER OPTIC,No,Yes,No,One year,Bank transfer (automatic),90.25,6385.95,No
8183-ONMXC,F,0,No,No,2,Yes,FIBER OPTIC,No,No,No,Month-to-month,Electronic check,80.75,159.45,Yes
8466-PZBLH,M,0,Yes,Yes,67,Yes,FIBER OPTIC,Yes,Yes,Yes,Two year,Bank transfer (automatic),104.6,6885.75,No
9614-RMGHA,M,0,Yes,No,65,Yes,FIBER OPTIC,No,No,Yes,Month-to-month,Bank transfer (automatic),91.85,5940.85,Yes
8735-IJJEG,M,0,Yes,No,14,Yes,DSL,No,No,No,Month-to-month,Credit card (automatic),50.2,668.85,No
0564-MUUQK,F,0,Yes,Yes,20,Yes,FIBER OPTIC,No,Yes,No,Month-to-month,Bank transfer (automatic),95.5,1916.2,No
5054-IEXZT,M,0,No,Yes,1,Yes,FIBER OPTIC,No,No,No,Month-to-month,Electronic check,75.35,75.35,Yes
5834-ASPWA,M,0,No,No,1,Yes,FIBER OPTIC,No,No,No,Month-to-month,Electronic check,75.45,75.45,Yes
0701-RFGFI,F,0,Yes,Yes,49,Yes,FIBER OPTIC,No,No,Yes,Month-to-month,Bank transfer (automatic),95.4,4613.95,No
0019-EFAEP,F,0,No,No,72,Yes,FIBER OPTIC,Yes,No,Yes,Two year,Bank transfer (automatic),101.3,7261.25,No
5619-PTMIK,F,0,Yes,No,46,Yes,DSL,Yes,No,No,Month-to-month,Electronic check,53.1,2459.8,No
3737-XBQDD,M,0,No,No,24,Yes,FIBER OPTIC,No,No,No,Month-to-month,Bank transfer (automatic),84.85,2048.8,No
5882-CMAZQ,F,0,Yes,Yes,5,No,DSL,No,Yes,No,Month-to-month,Electronic check,34.25,163.55,No
5846-QFDFI,F,0,Yes,Yes,33,Yes,FIBER OPTIC,No,Yes,No,Month-to-month,Credit card (automatic),88.6,2888.7,No
4445-KWOKW,F,0,No,No,42,Yes,DSL,Yes,No,No,One year,Bank transfer (automatic),60.15,2421.6,No
3511-APPBJ,M,0,No,No,23,Yes,FIBER OPTIC,Yes,No,Yes,One year,Credit card (automatic),99.95,2292.75,No
7967-HYCDE,M,0,No,No,8,Yes,FIBER OPTIC,No,No,No,Month-to-month,Bank transfer (automatic),70.7,553.4,No
2430-RRYUW,M,0,No,No,66,Yes,DSL,Yes,No,No,One year,Mailed check,54.8,3465.7,No
3948-XHGNA,M,0,No,No,24,Yes,DSL,Yes,No,No,Month-to-month,Bank transfer (automatic),49.55,1210.4,Yes
3723-BFBGR,M,1,No,No,24,Yes,DSL,No,No,No,Month-to-month,Credit card (automatic),54.8,1291.3,No
0565-IYCGT,M,0,No,No,69,Yes,DSL,Yes,Yes,No,One year,Credit card (automatic),78.6,5356.45,Yes
5447-WZAFP,F,0,No,No,53,Yes,FIBER OPTIC,No,No,Yes,One year,Mailed check,100.3,5200.8,No
5110-CHOPY,F,0,No,No,60,No,DSL,Yes,No,Yes,Two year,Electronic check,53.6,3237.05,No
5445-UTODQ,F,0,Yes,No,7,Yes,FIBER OPTIC,No,No,Yes,Month-to-month,Electronic check,81.1,576.65,Yes
4425-OWHWB,F,0,No,No,20,Yes,NO,No internet service,No internet service,No internet service,One year,Credit card (automatic),19.35,433.75,No
7892-QVYKW,F,0,Yes,Yes,23,Yes,FIBER OPTIC,No,No,No,Month-to-month,Electronic check,85.6,1868.4,No
9675-ICXCT,M,0,Yes,Yes,72,Yes,DSL,Yes,Yes,Yes,Two year,Electronic check,80.8,5728.55,No
1024-VRZHF,M,0,Yes,No,11,Yes,FIBER OPTIC,No,No,No,Month-to-month,Electronic check,74.95,825.7,Yes
4703-MQYKT,M,0,No,No,21,Yes,NO,No internet service,No internet service,No internet service,Two year,Mailed check,19.6,390.4,No
9497-QCMMS,M,1,No,No,1,Yes,FIBER OPTIC,No,No,Yes,Month-to-month,Electronic check,93.55,93.55,Yes
5692-ICXLW,M,1,No,No,31,Yes,FIBER OPTIC,No,No,Yes,Month-to-month,Electronic check,90.7,2845.15,No
0602-DDUML,F,0,No,No,57,Yes,DSL,No,Yes,Yes,Two year,Mailed check,69.75,3894.4,No
2208-MPXIO,F,0,Yes,Yes,45,Yes,NO,No internet service,No internet service,No internet service,Two year,Bank transfer (automatic),20.0,886.4,No
1960-UYCNN,M,0,No,No,10,Yes,FIBER OPTIC,No,No,No,Month-to-month,Electronic check,95.25,1021.55,No
0348-SDKOL,F,0,Yes,No,58,Yes,FIBER OPTIC,No,Yes,Yes,Month-to-month,Credit card (automatic),102.1,5885.4,Yes
3190-FZATL,M,0,No,Yes,14,Yes,NO,No internet service,No internet service,No internet service,Month-to-month,Mailed check,19.95,268.4,No
7336-RLLRH,M,0,Yes,No,27,Yes,DSL,Yes,Yes,Yes,One year,Mailed check,80.85,2204.35,No
4373-MAVJG,F,0,Yes,Yes,14,Yes,FIBER OPTIC,No,No,No,Month-to-month,Bank transfer (automatic),90.9,1259.0,Yes
8901-HJXTF,F,0,Yes,Yes,12,No,DSL,No,No,No,Month-to-month,Mailed check,29.2,309.1,Yes
7710-JSYOA,F,0,Yes,Yes,69,Yes,FIBER OPTIC,No,Yes,No,Two year,Bank transfer (automatic),93.3,6398.05,No
5419-KLXBN,F,0,Yes,Yes,25,Yes,FIBER OPTIC,No,No,Yes,Month-to-month,Bank transfer (automatic),89.15,2257.75,Yes
3424-NMNBO,M,1,Yes,No,58,Yes,FIBER OPTIC,Yes,No,Yes,One year,Electronic check,108.85,6287.25,Yes
9885-MFVSU,F,0,Yes,Yes,35,No,DSL,Yes,Yes,Yes,Two year,Credit card (automatic),46.35,1662.05,No
4514-GFCFI,F,1,No,No,16,Yes,FIBER OPTIC,No,No,Yes,Month-to-month,Electronic check,84.75,1350.15,Yes
0607-MVMGC,M,0,Yes,Yes,45,Yes,DSL,No,No,Yes,One year,Credit card (automatic),78.75,3600.65,No
3365-SAIGS,F,0,No,No,17,Yes,FIBER OPTIC,No,No,Yes,Month-to-month,Electronic check,83.55,1329.15,No
9828-AOQLM,F,0,Yes,Yes,1,Yes,DSL,No,No,No,Month-to-month,Electronic check,45.7,45.7,Yes
8022-BECSI,M,0,No,No,22,Yes,NO,No internet service,No internet service,No internet service,One year,Mailed check,19.6,422.5,No
8000-REIQB,F,1,No,No,1,Yes,FIBER OPTIC,No,No,No,Month-to-month,Electronic check,69.95,69.95,Yes
9993-LHIEB,M,0,Yes,Yes,67,Yes,DSL,Yes,Yes,No,Two year,Mailed check,67.85,4627.65,No
0266-CLZKZ,F,0,Yes,Yes,67,Yes,FIBER OPTIC,No,Yes,Yes,Two year,Bank transfer (automatic),105.65,6717.9,No
7615-ESMYF,F,0,Yes,No,2,No,DSL,No,No,Yes,Month-to-month,Electronic check,44.6,97.1,Yes
3858-VOBET,M,0,No,No,23,Yes,FIBER OPTIC,No,No,No,Month-to-month,Electronic check,74.95,1710.45,Yes
7020-OZKXZ,F,1,No,No,9,Yes,FIBER OPTIC,No,No,No,Month-to-month,Credit card (automatic),75.5,637.4,No
3977-QCRSL,F,0,No,No,5,Yes,NO,No internet service,No internet service,No internet service,Month-to-month,Mailed check,20.15,117.95,No
0017-DINOC,M,0,No,No,54,No,DSL,Yes,Yes,Yes,Two year,Credit card (automatic),45.2,2460.55,No
1447-PJGGA,F,0,No,No,57,Yes,FIBER OPTIC,No,No,Yes,Two year,Electronic check,95.25,5464.65,Yes
8565-CLBZW,M,0,No,No,24,Yes,FIBER OPTIC,No,No,Yes,Month-to-month,Mailed check,89.85,2165.05,Yes
9139-WQQDY,F,0,Yes,Yes,49,Yes,FIBER OPTIC,No,No,Yes,One year,Mailed check,100.45,4941.8,Yes
0224-HJAPT,M,0,No,No,5,Yes,DSL,No,No,No,Month-to-month,Electronic check,47.15,223.15,Yes
8086-OVPWV,M,0,No,No,2,Yes,FIBER OPTIC,No,No,No,Month-to-month,Electronic check,80.2,181.1,Yes
9430-FRQOC,F,0,No,Yes,4,Yes,FIBER OPTIC,No,Yes,No,Month-to-month,Mailed check,87.1,341.45,Yes
7639-OPLNG,M,0,Yes,Yes,70,Yes,DSL,Yes,Yes,Yes,Two year,Bank transfer (automatic),79.25,5731.85,No
3074-GQWYX,M,0,No,No,5,Yes,FIBER OPTIC,No,No,No,Month-to-month,Bank transfer (automatic),75.9,357.75,Yes
1492-QGCLU,M,0,Yes,Yes,53,Yes,DSL,Yes,Yes,Yes,Month-to-month,Electronic check,85.7,4616.1,No
6845-RGTYS,F,0,Yes,No,47,Yes,FIBER OPTIC,Yes,No,Yes,Month-to-month,Electronic check,98.75,4533.7,Yes
7328-OWMOM,F,0,No,Yes,31,Yes,NO,No internet service,No internet service,No internet service,One year,Credit card (automatic),20.1,589.25,No
4418-LZMSV,M,0,Yes,Yes,13,Yes,DSL,No,Yes,No,Month-to-month,Bank transfer (automatic),61.8,750.1,No
5155-AZQPB,F,0,Yes,Yes,28,Yes,DSL,No,No,No,Month-to-month,Mailed check,49.9,1410.25,No
8861-HGGKB,F,0,No,No,10,Yes,FIBER OPTIC,No,No,No,Month-to-month,Electronic check,86.45,830.85,Yes
1087-GRUYI,M,0,Yes,No,38,Yes,NO,No internet service,No internet service,No internet service,Two year,Bank transfer (automatic),20.4,743.5,No
7065-YUNRY,F,0,No,No,1,Yes,DSL,No,No,No,Month-to-month,Mailed check,45.3,45.3,Yes
7694-VLBWQ,M,0,Yes,No,67,Yes,FIBER OPTIC,No,No,Yes,One year,Electronic check,104.1,7040.85,Yes
2546-KZAAT,M,0,Yes,No,52,Yes,DSL,Yes,No,Yes,One year,Mailed check,75.4,3865.45,No
0181-RITDD,M,0,Yes,Yes,62,Yes,FIBER OPTIC,Yes,Yes,Yes,Two year,Mailed check,108.15,6825.65,No
5989-PGKJB,F,0,No,No,16,Yes,FIBER OPTIC,No,No,No,Month-to-month,Electronic check,86.25,1340.1,No
4795-KTRTH,F,1,Yes,No,5,Yes,FIBER OPTIC,No,No,No,Month-to-month,Electronic check,81.0,371.65,Yes
8272-ONJLV,M,0,No,No,12,Yes,FIBER OPTIC,No,No,Yes,One year,Electronic check,95.7,1184.0,No
1488-PBLJN,F,0,Yes,Yes,72,Yes,FIBER OPTIC,Yes,Yes,Yes,Two year,Bank transfer (automatic),116.85,8477.7,No
0308-GIQJT,M,1,No,No,71,Yes,FIBER OPTIC,No,Yes,Yes,One year,Bank transfer (automatic),105.75,7382.85,No
3778-FOAQW,F,0,Yes,No,24,Yes,NO,No internet service,No internet service,No internet service,One year,Mailed check,20.15,456.85,No
4452-ROHMO,F,0,No,No,15,Yes,NO,No internet service,No internet service,No internet service,Two year,Mailed check,19.6,331.6,No
6481-OGDOO,M,0,Yes,No,67,Yes,FIBER OPTIC,Yes,No,No,One year,Credit card (automatic),90.6,6056.15,Yes
3090-LETTY,M,0,No,Yes,2,Yes,DSL,Yes,No,No,Month-to-month,Bank transfer (automatic),60.95,134.6,No
5349-AZPEW,F,0,Yes,Yes,5,No,DSL,No,No,No,Month-to-month,Mailed check,25.05,125.5,No
3753-TSEMP,F,0,Yes,No,15,Yes,FIBER OPTIC,No,No,Yes,Month-to-month,Electronic check,88.15,1390.6,Yes
8305-VHZBZ,M,0,No,No,1,Yes,NO,No internet service,No internet service,No internet service,Month-to-month,Mailed check,20.2,20.2,Yes
9720-JJJOR,M,0,Yes,Yes,41,Yes,DSL,Yes,No,No,One year,Bank transfer (automatic),60.3,2511.3,No
8100-HZZLJ,F,0,No,Yes,43,Yes,DSL,Yes,No,No,Month-to-month,Electronic check,63.95,2737.05,No
8775-ERLNB,M,1,Yes,No,1,Yes,FIBER OPTIC,No,No,No,Month-to-month,Electronic check,74.3,74.3,No
8309-IEYJD,F,1,No,No,1,Yes,FIBER OPTIC,No,No,No,Month-to-month,Mailed check,70.6,70.6,No
9172-JITSM,F,0,Yes,Yes,26,Yes,FIBER OPTIC,No,No,Yes,Month-to-month,Electronic check,90.8,2361.8,Yes
6298-QDFNH,M,0,No,No,22,Yes,FIBER OPTIC,No,No,No,Month-to-month,Electronic check,79.35,1730.35,Yes
7398-HPYZQ,M,0,Yes,No,71,Yes,DSL,Yes,Yes,Yes,Two year,Bank transfer (automatic),90.55,6404.0,No
3546-GHEAE,M,0,No,No,7,Yes,NO,No internet service,No internet service,No internet service,Two year,Mailed check,19.45,165.35,No
7361-YPXFS,F,1,No,No,28,Yes,DSL,No,Yes,No,Month-to-month,Bank transfer (automatic),64.45,1867.6,No
6557-BZXLQ,M,1,No,No,16,Yes,FIBER OPTIC,No,No,No,Month-to-month,Electronic check,69.65,1043.3,No
2550-QHZGP,M,0,No,No,7,Yes,NO,No internet service,No internet service,No internet service,One year,Mailed check,19.5,128.6,No
7519-JTWQH,F,0,No,No,69,Yes,FIBER OPTIC,No,Yes,Yes,Two year,Bank transfer (automatic),110.5,7455.45,No
2538-OIMXF,F,0,No,Yes,1,No,DSL,No,No,No,Month-to-month,Mailed check,24.7,24.7,No
8543-MSDMF,M,0,No,No,3,Yes,DSL,Yes,No,Yes,Month-to-month,Electronic check,77.4,206.15,No
9961-JBNMK,M,1,No,No,21,Yes,FIBER OPTIC,No,No,Yes,Month-to-month,Bank transfer (automatic),96.8,2030.3,Yes
1170-SASML,F,0,Yes,No,69,Yes,FIBER OPTIC,No,No,No,Month-to-month,Bank transfer (automatic),85.4,5869.4,No
4872-JCVCA,F,0,Yes,No,71,No,DSL,Yes,Yes,No,Two year,Bank transfer (automatic),47.6,3377.8,No
5346-BZCHP,F,0,Yes,Yes,69,Yes,NO,No internet service,No internet service,No internet service,Two year,Mailed check,19.4,1346.2,No
2038-LLMLM,F,0,No,No,48,Yes,FIBER OPTIC,No,Yes,Yes,Month-to-month,Electronic check,103.85,4946.05,No
6173-ITPWD,M,0,Yes,No,47,Yes,FIBER OPTIC,No,No,No,Month-to-month,Bank transfer (automatic),83.35,4065.0,Yes
9734-UYXQI,F,0,No,No,2,Yes,DSL,No,No,No,Month-to-month,Electronic check,49.4,106.55,Yes
1216-BGTSP,M,0,No,No,45,Yes,FIBER OPTIC,Yes,Yes,Yes,Month-to-month,Credit card (automatic),108.45,4964.7,No
4138-NAXED,M,0,No,No,51,Yes,FIBER OPTIC,No,No,No,Month-to-month,Bank transfer (automatic),81.0,4085.75,No
2189-UXTKY,F,0,Yes,No,22,Yes,DSL,Yes,Yes,Yes,Month-to-month,Electronic check,79.2,1742.75,Yes
0744-BIKKF,M,0,No,No,72,Yes,DSL,Yes,Yes,Yes,Two year,Bank transfer (automatic),86.65,6224.8,No
7483-IQWIB,M,0,Yes,Yes,37,Yes,FIBER OPTIC,No,No,Yes,Month-to-month,Electronic check,92.95,3415.25,No
5248-KWLAR,M,0,Yes,Yes,71,Yes,DSL,Yes,Yes,Yes,Two year,Electronic check,90.35,6325.25,No
4958-GZWIY,M,0,Yes,Yes,7,Yes,DSL,No,No,No,Month-to-month,Electronic check,48.7,340.25,Yes
7996-MHXLW,F,0,No,No,66,Yes,NO,No internet service,No internet service,No internet service,Two year,Credit card (automatic),25.15,1683.6,No
7833-PKIHD,M,0,Yes,Yes,51,Yes,DSL,Yes,Yes,Yes,One year,Bank transfer (automatic),76.4,3966.3,No
7061-OVMIM,F,0,Yes,Yes,30,Yes,NO,No internet service,No internet service,No internet service,One year,Bank transfer (automatic),19.55,608.5,No
5153-RTHKF,F,0,No,No,34,Yes,FIBER OPTIC,No,No,Yes,Month-to-month,Electronic check,85.35,2896.6,No
1852-QSWCD,M,0,Yes,Yes,64,Yes,NO,No internet service,No internet service,No internet service,Two year,Mailed check,24.8,1514.85,No
4832-VRBMR,M,1,Yes,No,65,Yes,FIBER OPTIC,No,No,Yes,One year,Bank transfer (automatic),103.15,6792.45,No
9079-LWTFD,M,0,No,No,47,Yes,FIBER OPTIC,Yes,Yes,Yes,Month-to-month,Mailed check,100.75,4669.2,No
6356-ELRKD,F,0,No,No,1,Yes,FIBER OPTIC,Yes,No,Yes,Month-to-month,Electronic check,95.6,95.6,Yes
8624-GIOUT,F,0,No,No,49,Yes,DSL,Yes,No,No,Month-to-month,Credit card (automatic),59.75,2934.3,Yes
3392-EHMNK,F,0,Yes,Yes,67,Yes,FIBER OPTIC,No,Yes,Yes,Two year,Credit card (automatic),94.1,6302.8,No
5986-WWXDV,M,0,No,Yes,39,Yes,NO,No internet service,No internet service,No internet service,One year,Bank transfer (automatic),19.35,779.2,No
3061-BCKYI,M,0,No,No,14,Yes,NO,No internet service,No internet service,No internet service,Month-to-month,Mailed check,19.9,283.75,No
6179-GJPSO,F,1,No,No,43,Yes,FIBER OPTIC,Yes,Yes,Yes,Month-to-month,Credit card (automatic),108.15,4600.7,Yes
7901-TBKJX,M,1,No,No,56,Yes,FIBER OPTIC,No,No,Yes,Month-to-month,Electronic check,101.05,5594.0,No
7228-PAQPD,F,0,No,No,14,Yes,DSL,No,Yes,No,One year,Credit card (automatic),59.1,772.85,No
3177-LASXD,F,0,No,No,1,Yes,FIBER OPTIC,No,No,No,Month-to-month,Electronic check,71.35,71.35,Yes
7746-QYVCO,M,0,Yes,Yes,16,Yes,DSL,Yes,No,No,One year,Mailed check,55.85,857.8,No
5804-HYIEZ,M,0,Yes,Yes,70,Yes,FIBER OPTIC,Yes,No,Yes,Month-to-month,Electronic check,106.05,7554.05,No
9919-FZDED,M,1,Yes,No,72,Yes,DSL,Yes,No,Yes,Two year,Credit card (automatic),84.1,5981.65,No
5934-TSSAU,F,0,Yes,Yes,23,Yes,FIBER OPTIC,No,No,No,Month-to-month,Credit card (automatic),75.3,1702.9,No
3486-KHMLI,M,0,No,Yes,21,Yes,NO,No internet service,No internet service,No internet service,Month-to-month,Mailed check,24.7,467.15,No
4897-QSUYC,F,0,No,No,1,Yes,NO,No internet service,No internet service,No internet service,Month-to-month,Mailed check,20.15,20.15,Yes
1084-UQCHV,M,0,No,Yes,1,Yes,FIBER OPTIC,No,No,No,Month-to-month,Bank transfer (automatic),69.75,69.75,Yes
8290-YWKHZ,F,1,Yes,No,32,Yes,FIBER OPTIC,No,No,Yes,Month-to-month,Electronic check,93.2,2931.0,Yes
2955-BJZHG,M,0,Yes,Yes,17,Yes,FIBER OPTIC,No,No,Yes,Month-to-month,Electronic check,80.85,1400.85,Yes
3806-DXQOM,F,0,No,No,4,No,DSL,Yes,No,No,Month-to-month,Electronic check,33.65,137.85,Yes
6784-XYJAE,F,0,No,No,36,Yes,DSL,No,No,No,One year,Electronic check,55.8,1941.5,No
3933-DQPWX,F,0,No,No,50,No,DSL,No,Yes,No,Two year,Credit card (automatic),39.7,1932.75,No
6661-EIPZC,F,0,Yes,Yes,48,No,DSL,No,Yes,No,Month-to-month,Credit card (automatic),29.5,1423.05,No
8957-THMOA,F,0,No,Yes,50,Yes,NO,No internet service,No internet service,No internet service,Two year,Credit card (automatic),20.15,970.85,No
2251-PYLPB,M,0,Yes,No,72,Yes,DSL,Yes,Yes,No,Two year,Credit card (automatic),79.55,5810.9,No
5555-RNPGT,M,0,No,Yes,10,Yes,NO,No internet service,No internet service,No internet service,Month-to-month,Credit card (automatic),24.8,223.9,No
1057-FOGLZ,F,0,No,No,18,Yes,NO,No internet service,No internet service,No internet service,Month-to-month,Mailed check,19.65,391.7,No
9300-RENDD,M,0,No,No,1,Yes,FIBER OPTIC,No,No,Yes,Month-to-month,Electronic check,79.95,79.95,Yes
0761-AETCS,F,0,No,No,1,Yes,NO,No internet service,No internet service,No internet service,Month-to-month,Electronic check,19.3,19.3,Yes
8087-LGYHQ,M,0,No,No,9,Yes,FIBER OPTIC,No,No,Yes,Month-to-month,Electronic check,94.05,811.65,No
4137-BTIKL,M,0,No,No,2,Yes,FIBER OPTIC,Yes,No,No,Month-to-month,Mailed check,90.75,174.75,No
2190-BCXEC,F,0,Yes,No,40,Yes,FIBER OPTIC,No,Yes,No,Month-to-month,Credit card (automatic),78.85,3126.85,No
6227-FBDXH,M,0,Yes,No,69,Yes,FIBER OPTIC,No,No,Yes,One year,Bank transfer (automatic),99.5,6841.45,No
2153-MREFK,F,0,Yes,No,37,Yes,FIBER OPTIC,Yes,Yes,No,One year,Electronic check,99.2,3754.6,Yes
2911-WDXMV,M,0,No,Yes,18,Yes,FIBER OPTIC,No,No,No,Month-to-month,Credit card (automatic),80.55,1406.65,No
7206-PQBBZ,M,1,Yes,No,11,Yes,FIBER OPTIC,No,No,No,Month-to-month,Electronic check,70.2,834.7,No
3106-ULWFW,F,0,Yes,No,8,Yes,FIBER OPTIC,No,No,No,Month-to-month,Credit card (automatic),85.2,627.4,Yes
0925-VYDLG,F,0,No,No,3,Yes,FIBER OPTIC,No,No,No,Month-to-month,Electronic check,75.25,242.0,Yes
4547-FZJWE,M,0,Yes,Yes,55,Yes,DSL,Yes,No,No,One year,Credit card (automatic),59.45,3157.0,No
7422-WNBTY,M,0,Yes,No,33,Yes,FIBER OPTIC,No,No,No,Month-to-month,Electronic check,93.35,3092.0,No
0842-IWYCP,F,0,No,No,46,Yes,DSL,No,No,No,Month-to-month,Bank transfer (automatic),44.95,2168.9,No
3521-HTQTV,M,0,No,No,34,Yes,NO,No internet service,No internet service,No internet service,Two year,Bank transfer (automatic),26.1,980.35,No
3744-ZBHON,F,0,No,No,3,Yes,NO,No internet service,No internet service,No internet service,Month-to-month,Electronic check,20.2,65.95,No
3373-DIUUN,M,0,Yes,Yes,30,Yes,NO,No internet service,No internet service,No internet service,Two year,Mailed check,21.25,711.9,No
8383-SGHJU,F,0,No,No,33,Yes,DSL,Yes,Yes,No,One year,Electronic check,59.4,1952.8,No
7607-QKKTJ,M,0,Yes,Yes,45,Yes,FIBER OPTIC,No,No,No,One year,Credit card (automatic),95.0,4368.85,No
7707-PYBBH,M,0,No,No,40,Yes,DSL,Yes,Yes,No,Month-to-month,Mailed check,61.9,2647.1,No
8984-HPEMB,F,0,No,No,71,Yes,FIBER OPTIC,Yes,Yes,Yes,Two year,Electronic check,118.65,8477.6,No
4349-GFQHK,M,0,No,No,1,Yes,DSL,No,No,No,Month-to-month,Electronic check,54.35,54.35,Yes
4139-DETXS,F,0,Yes,Yes,72,No,DSL,Yes,Yes,Yes,Two year,Bank transfer (automatic),64.45,4528.0,No
9779-DPNEJ,F,0,Yes,Yes,22,Yes,FIBER OPTIC,No,No,No,Month-to-month,Electronic check,80.15,1790.65,No
9805-FILKB,M,0,Yes,Yes,46,Yes,NO,No internet service,No internet service,No internet service,One year,Bank transfer (automatic),20.2,845.6,No
5793-YOLJN,F,0,Yes,Yes,55,Yes,NO,No internet service,No internet service,No internet service,Two year,Mailed check,21.0,1210.3,No
0673-IGUQO,M,0,No,No,1,Yes,NO,No internet service,No internet service,No internet service,Month-to-month,Mailed check,20.45,20.45,No
4123-FCVCB,F,0,No,No,12,Yes,DSL,No,Yes,Yes,One year,Mailed check,75.85,854.45,No
8819-IMISP,M,0,No,No,31,Yes,FIBER OPTIC,No,No,No,Month-to-month,Electronic check,80.45,2429.1,No
7802-EFKNY,M,0,Yes,No,5,No,DSL,No,No,No,Month-to-month,Electronic check,24.95,100.4,Yes
8311-UEUAB,F,0,Yes,Yes,67,Yes,DSL,Yes,No,Yes,Two year,Electronic check,75.5,5229.45,No
5858-EAFCZ,M,0,No,No,1,Yes,DSL,No,No,No,Month-to-month,Mailed check,44.45,44.45,No
8035-BUYVG,M,0,Yes,No,40,No,DSL,Yes,No,No,One year,Electronic check,42.35,1716.45,Yes
1163-ONYEY,M,0,Yes,Yes,41,Yes,DSL,Yes,No,Yes,Month-to-month,Credit card (automatic),74.55,3023.55,No
9787-XVQIU,M,0,No,No,1,Yes,FIBER OPTIC,No,No,No,Month-to-month,Electronic check,75.3,75.3,Yes
8945-MUQUF,M,0,No,No,51,Yes,FIBER OPTIC,Yes,No,Yes,One year,Electronic check,94.8,4837.6,Yes
5656-MJEFC,M,0,Yes,Yes,42,No,DSL,Yes,Yes,Yes,Two year,Credit card (automatic),48.15,2032.3,No
6082-OQFBA,M,0,Yes,Yes,23,Yes,NO,No internet service,No internet service,No internet service,One year,Mailed check,19.65,436.9,No
8051-HJRLT,F,1,No,No,1,Yes,FIBER OPTIC,No,No,No,Month-to-month,Electronic check,70.55,70.55,Yes
8974-OVACP,F,0,No,No,1,Yes,NO,No internet service,No internet service,No internet service,Month-to-month,Mailed check,20.15,20.15,No
4010-YLMVT,F,0,No,No,56,Yes,FIBER OPTIC,Yes,No,Yes,Month-to-month,Credit card (automatic),106.6,5893.95,No
1379-FRVEB,M,0,No,Yes,15,Yes,FIBER OPTIC,No,No,Yes,Month-to-month,Electronic check,91.0,1430.05,No
8612-GXIDD,M,0,Yes,Yes,12,Yes,NO,No internet service,No internet service,No internet service,Two year,Bank transfer (automatic),25.4,313.0,No
6288-CHQJB,F,0,Yes,Yes,54,Yes,DSL,Yes,Yes,No,Two year,Bank transfer (automatic),69.95,3871.85,No
8160-HOWOX,F,0,No,No,7,Yes,DSL,No,No,Yes,Month-to-month,Electronic check,66.85,458.1,No
3023-GFLBR,F,0,Yes,Yes,33,Yes,FIBER OPTIC,No,No,No,Month-to-month,Credit card (automatic),86.15,2745.7,Yes
6648-INWPS,M,0,Yes,Yes,16,Yes,NO,No internet service,No internet service,No internet service,Month-to-month,Electronic check,20.15,341.35,No
4223-BKEOR,F,0,No,Yes,21,Yes,DSL,Yes,No,No,One year,Mailed check,64.85,1336.8,No
4079-VTGLK,M,1,Yes,No,30,Yes,DSL,No,No,Yes,Two year,Electronic check,74.85,2181.75,No
1763-WQFUK,M,0,No,No,3,Yes,DSL,No,Yes,No,Month-to-month,Mailed check,50.5,147.75,No
1391-UBDAR,M,0,No,No,11,Yes,FIBER OPTIC,No,No,No,Month-to-month,Electronic check,72.9,818.45,No
8894-JVDCV,F,0,No,No,62,Yes,FIBER OPTIC,Yes,Yes,Yes,One year,Credit card (automatic),115.05,7133.45,No
2023-VQFDL,M,0,No,No,18,Yes,NO,No internet service,No internet service,No internet service,Month-to-month,Electronic check,19.0,348.8,No
1345-GKDZZ,M,0,No,Yes,6,Yes,NO,No internet service,No internet service,No internet service,Month-to-month,Mailed check,19.55,128.6,No
2014-MKGMH,F,0,No,No,46,Yes,FIBER OPTIC,No,No,Yes,One year,Electronic check,101.1,4674.4,No
5628-FCGYG,M,0,No,No,21,Yes,FIBER OPTIC,No,No,No,Month-to-month,Electronic check,84.1,1737.45,No
2560-WBWXF,M,0,No,No,68,Yes,NO,No internet service,No internet service,No internet service,Two year,Bank transfer (automatic),24.15,1498.85,No
0248-IPDFW,F,0,No,No,1,Yes,DSL,No,No,No,Month-to-month,Electronic check,50.1,50.1,No
7978-DKUQH,F,0,Yes,No,25,Yes,FIBER OPTIC,No,No,No,Month-to-month,Electronic check,74.6,1797.75,No
4335-UPJSI,F,0,No,Yes,24,Yes,NO,No internet service,No internet service,No internet service,Two year,Mailed check,19.75,498.1,No
0524-IAVZO,F,0,Yes,No,30,Yes,FIBER OPTIC,No,No,No,Month-to-month,Electronic check,85.0,2624.25,Yes
2737-YNGYW,F,0,No,No,2,Yes,FIBER OPTIC,No,No,No,Month-to-month,Electronic check,80.55,184.1,Yes
1784-EZDKJ,M,0,Yes,No,51,Yes,FIBER OPTIC,No,No,Yes,One year,Bank transfer (automatic),106.8,5498.8,No
9297-FVVDH,F,0,Yes,Yes,57,Yes,DSL,Yes,Yes,Yes,Two year,Electronic check,84.5,4845.4,No
8007-YYPWD,F,0,No,No,15,Yes,NO,No internet service,No internet service,No internet service,Two year,Bank transfer (automatic),25.05,369.1,No
7101-HRBLJ,F,0,Yes,Yes,72,Yes,DSL,Yes,Yes,Yes,Two year,Bank transfer (automatic),83.7,6096.9,No
5159-YFPKQ,F,0,No,No,2,Yes,FIBER OPTIC,No,No,No,Month-to-month,Electronic check,75.8,160.75,Yes
6635-CPNUN,M,0,Yes,No,28,Yes,FIBER OPTIC,No,No,Yes,Month-to-month,Credit card (automatic),96.6,2684.35,No
4021-RQSNY,M,1,Yes,No,29,Yes,FIBER OPTIC,No,No,Yes,Month-to-month,Electronic check,98.5,3004.15,Yes
5453-YBTWV,M,0,Yes,Yes,70,Yes,FIBER OPTIC,Yes,Yes,Yes,Two year,Credit card (automatic),101.1,6994.8,No
5039-LZRQT,F,0,No,No,13,Yes,NO,No internet service,No internet service,No internet service,One year,Mailed check,20.2,273.25,No
2931-VUVJN,F,1,Yes,No,59,Yes,FIBER OPTIC,Yes,Yes,No,One year,Electronic check,94.05,5483.9,No
9061-TIHDA,M,1,Yes,No,13,Yes,FIBER OPTIC,No,No,Yes,Month-to-month,Electronic check,95.25,1233.65,Yes
8699-ASUFO,M,1,Yes,No,7,Yes,FIBER OPTIC,No,No,No,Month-to-month,Mailed check,74.4,527.9,Yes
6418-PIQSP,F,0,Yes,No,62,Yes,DSL,Yes,Yes,Yes,Two year,Mailed check,81.0,4985.9,No
8220-OCUFY,F,0,No,No,21,Yes,DSL,Yes,Yes,No,One year,Electronic check,60.25,1258.35,No
3995-WFCSM,F,0,No,No,2,Yes,DSL,No,No,No,Month-to-month,Electronic check,60.85,111.4,No
1895-QTKDO,F,0,No,No,1,Yes,DSL,No,No,No,Month-to-month,Credit card (automatic),43.95,43.95,No
2038-OEQZH,M,0,No,No,4,Yes,FIBER OPTIC,No,No,No,Month-to-month,Electronic check,86.05,308.1,No
1178-PZGAB,F,0,No,No,19,Yes,NO,No internet service,No internet service,No internet service,One year,Credit card (automatic),20.25,383.65,No
7927-AUXBZ,F,0,No,No,30,Yes,FIBER OPTIC,No,Yes,Yes,Month-to-month,Electronic check,85.15,2555.9,Yes
2626-VEEWG,M,0,Yes,Yes,67,Yes,NO,No internet service,No internet service,No internet service,Two year,Credit card (automatic),19.4,1284.2,No
2878-RMWXY,M,1,Yes,No,72,Yes,FIBER OPTIC,Yes,No,No,Two year,Credit card (automatic),102.65,7550.3,No
1657-DYMBM,M,0,Yes,No,53,Yes,NO,No internet service,No internet service,No internet service,Two year,Credit card (automatic),19.9,1110.05,No
7311-MQJCH,F,0,No,No,5,Yes,NO,No internet service,No internet service,No internet service,One year,Electronic check,19.55,99.6,No
7375-WMVMT,M,1,Yes,No,71,Yes,FIBER OPTIC,No,Yes,No,Two year,Credit card (automatic),95.5,6707.15,No
1136-XGEQU,F,0,Yes,Yes,50,Yes,DSL,No,Yes,Yes,One year,Credit card (automatic),84.15,4164.4,No
2530-FMFXO,M,0,Yes,Yes,56,Yes,FIBER OPTIC,No,Yes,Yes,Two year,Electronic check,103.2,5873.75,No
6844-DZKRF,M,0,No,No,2,Yes,DSL,No,Yes,No,Month-to-month,Credit card (automatic),50.2,109.25,No
4695-WJZUE,F,1,No,No,2,Yes,FIBER OPTIC,No,No,No,Month-to-month,Electronic check,88.55,179.25,Yes
7619-ODSGN,M,0,Yes,Yes,24,Yes,DSL,Yes,No,No,Month-to-month,Electronic check,54.75,1338.15,Yes
5970-GHJAW,M,0,Yes,Yes,46,Yes,NO,No internet service,No internet service,No internet service,Two year,Credit card (automatic),19.95,862.4,No
8879-XUAHX,M,0,Yes,No,71,Yes,FIBER OPTIC,Yes,Yes,Yes,Two year,Electronic check,116.25,8564.75,No
3689-MOZGR,F,0,No,No,29,No,DSL,No,Yes,No,Month-to-month,Electronic check,31.2,926.2,No
4195-PNGZS,M,0,Yes,Yes,69,Yes,NO,No internet service,No internet service,No internet service,Two year,Bank transfer (automatic),24.45,1718.2,No
5003-XZWWO,M,0,Yes,No,71,Yes,DSL,No,Yes,Yes,Two year,Credit card (automatic),84.2,5956.85,No
3988-RQIXO,F,1,No,No,1,Yes,FIBER OPTIC,No,No,Yes,Month-to-month,Electronic check,91.3,91.3,Yes
7622-FWGEW,M,1,Yes,No,56,Yes,DSL,Yes,Yes,Yes,Two year,Bank transfer (automatic),85.65,4824.45,No
6922-NCEDI,M,0,No,Yes,56,Yes,NO,No internet service,No internet service,No internet service,One year,Mailed check,21.2,1238.65,No
2514-GINMM,M,0,No,No,1,Yes,FIBER OPTIC,No,No,Yes,Month-to-month,Electronic check,79.5,79.5,Yes
9891-NQDBD,F,0,Yes,No,28,Yes,NO,No internet service,No internet service,No internet service,One year,Mailed check,25.55,672.2,No
6131-IUNXN,F,0,Yes,Yes,19,Yes,NO,No internet service,No internet service,No internet service,Month-to-month,Mailed check,20.2,382.2,No
8548-AWOFC,M,0,Yes,No,66,Yes,DSL,No,Yes,No,Month-to-month,Electronic check,63.85,4264.6,No
9798-DRYDS,F,0,Yes,Yes,17,Yes,DSL,No,Yes,No,One year,Mailed check,61.95,1070.7,No
8532-UEFWH,M,0,Yes,Yes,52,Yes,NO,No internet service,No internet service,No internet service,Two year,Mailed check,25.75,1345.85,No
6296-DDOOR,F,0,No,No,19,Yes,DSL,No,No,Yes,One year,Electronic check,58.2,1045.25,No
7951-VRDVK,F,0,No,No,36,Yes,DSL,Yes,Yes,Yes,One year,Bank transfer (automatic),85.85,3003.55,No
5931-FLJJF,M,1,Yes,No,7,Yes,FIBER OPTIC,No,No,No,Month-to-month,Mailed check,70.1,467.55,Yes
4815-YOSUK,M,0,Yes,Yes,72,Yes,FIBER OPTIC,Yes,Yes,No,One year,Credit card (automatic),104.9,7537.5,No
2659-VXMWZ,M,0,Yes,Yes,67,Yes,FIBER OPTIC,Yes,No,Yes,One year,Electronic check,111.3,7482.1,Yes
0380-NEAVX,M,1,No,No,34,Yes,FIBER OPTIC,No,No,Yes,One year,Electronic check,99.85,3343.15,No
3207-OYBWH,M,1,Yes,No,57,Yes,FIBER OPTIC,No,No,No,Month-to-month,Bank transfer (automatic),95.25,5427.05,Yes
4285-GYRQC,F,0,Yes,No,7,Yes,FIBER OPTIC,No,No,Yes,Month-to-month,Electronic check,86.25,587.1,Yes
7216-EWTRS,F,1,Yes,No,1,Yes,FIBER OPTIC,No,No,Yes,Month-to-month,Electronic check,100.8,100.8,Yes
4365-MSDYN,M,0,Yes,No,8,Yes,NO,No internet service,No internet service,No internet service,Month-to-month,Bank transfer (automatic),19.55,161.15,No
7036-TYDEC,F,0,No,No,69,Yes,FIBER OPTIC,No,Yes,Yes,Two year,Electronic check,104.0,7028.5,No
5802-ADBRC,F,0,Yes,No,50,Yes,FIBER OPTIC,Yes,No,Yes,One year,Mailed check,104.4,5232.9,No
8076-FEZKJ,M,0,No,No,10,Yes,NO,No internet service,No internet service,No internet service,One year,Mailed check,19.5,225.85,No
5197-YPYBZ,F,0,Yes,Yes,12,Yes,NO,No internet service,No internet service,No internet service,Two year,Credit card (automatic),25.25,274.7,No
8337-MSSXB,F,0,No,No,14,Yes,FIBER OPTIC,No,No,No,Month-to-month,Electronic check,86.3,1180.95,Yes
4312-GVYNH,F,0,Yes,No,70,No,DSL,Yes,Yes,No,Two year,Bank transfer (automatic),49.85,3370.2,No
8495-LJDFO,F,1,No,No,64,Yes,FIBER OPTIC,Yes,Yes,Yes,Month-to-month,Bank transfer (automatic),108.95,7111.3,No
0839-JTCUD,F,0,Yes,Yes,66,Yes,DSL,Yes,Yes,Yes,Two year,Credit card (automatic),89.9,5958.85,No
5494-WOZRZ,F,0,Yes,Yes,71,Yes,DSL,Yes,Yes,Yes,Two year,Credit card (automatic),82.0,5999.85,No
1302-UHBDD,M,1,No,No,20,Yes,FIBER OPTIC,No,No,Yes,Month-to-month,Electronic check,89.95,1648.45,No
2234-EOFPT,M,0,Yes,No,72,Yes,DSL,Yes,Yes,Yes,Two year,Bank transfer (automatic),79.35,5753.25,No
8619-IJNDK,F,0,Yes,Yes,71,Yes,DSL,Yes,Yes,No,Two year,Credit card (automatic),64.05,4492.9,No
8378-LKJAF,M,0,Yes,Yes,38,Yes,FIBER OPTIC,No,No,Yes,Month-to-month,Credit card (automatic),101.15,3956.7,No
8182-BJDSI,F,0,No,No,28,Yes,FIBER OPTIC,No,No,No,Month-to-month,Electronic check,89.95,2625.55,Yes
2528-HFYZX,M,1,Yes,No,17,Yes,FIBER OPTIC,No,No,No,Month-to-month,Electronic check,76.45,1233.4,Yes
1153-GNOLC,M,0,No,No,33,No,DSL,No,No,Yes,One year,Electronic check,39.1,1309.0,No
3298-QEICA,F,0,Yes,Yes,23,No,DSL,Yes,Yes,No,Two year,Mailed check,34.6,813.45,No
0788-DXBFY,M,0,Yes,Yes,58,Yes,NO,No internet service,No internet service,No internet service,One year,Electronic check,19.55,1108.8,No
3597-YASZG,F,1,Yes,No,70,Yes,FIBER OPTIC,No,Yes,Yes,Two year,Bank transfer (automatic),104.45,7349.35,No
3496-LFSZU,M,0,Yes,No,4,Yes,FIBER OPTIC,No,No,No,Month-to-month,Electronic check,70.5,294.2,No
5242-UOWHD,M,0,Yes,Yes,45,Yes,NO,No internet service,No internet service,No internet service,Two year,Mailed check,20.35,929.2,No
2482-CZGBB,M,0,No,No,10,Yes,FIBER OPTIC,No,No,No,Month-to-month,Electronic check,70.0,740.0,Yes
6479-SZPLM,M,0,Yes,Yes,36,Yes,NO,No internet service,No internet service,No internet service,Two year,Credit card (automatic),19.45,754.5,No
8097-VBQTZ,M,0,No,No,54,Yes,DSL,Yes,Yes,Yes,Month-to-month,Mailed check,69.9,3883.3,No
4500-HKANN,M,0,Yes,Yes,23,Yes,DSL,No,Yes,No,Two year,Mailed check,59.7,1414.2,No
9917-KWRBE,F,0,Yes,Yes,41,Yes,DSL,Yes,No,Yes,One year,Credit card (automatic),78.35,3211.2,No
3420-ZDBMA,M,1,No,No,5,Yes,FIBER OPTIC,No,No,No,Month-to-month,Mailed check,71.45,371.6,No
2212-LYASK,M,0,Yes,Yes,27,No,DSL,No,No,No,One year,Credit card (automatic),45.85,1246.4,No
1393-IMKZG,F,0,No,No,1,Yes,FIBER OPTIC,No,Yes,Yes,Month-to-month,Electronic check,95.85,95.85,No
8069-RHUXK,F,0,Yes,Yes,67,No,DSL,Yes,Yes,No,Two year,Credit card (automatic),35.7,2545.7,No
3398-GCPMU,F,1,Yes,Yes,72,Yes,DSL,Yes,Yes,Yes,Two year,Credit card (automatic),89.55,6448.85,No
2908-WGAXL,F,0,Yes,Yes,56,Yes,NO,No internet service,No internet service,No internet service,Two year,Credit card (automatic),24.95,1468.9,No
3378-AJRAO,M,0,Yes,Yes,44,Yes,NO,No internet service,No internet service,No internet service,One year,Electronic check,24.85,1013.6,No
1013-QCWAM,F,1,Yes,No,66,Yes,FIBER OPTIC,No,No,Yes,Month-to-month,Electronic check,100.8,6690.75,No
0866-QLSIR,F,0,No,No,34,Yes,DSL,Yes,Yes,No,One year,Mailed check,64.4,2088.75,Yes
6050-FFXES,F,0,Yes,No,69,Yes,FIBER OPTIC,No,Yes,Yes,Two year,Bank transfer (automatic),105.35,7240.65,No
7181-BQYBV,F,0,Yes,Yes,1,Yes,FIBER OPTIC,Yes,No,Yes,Month-to-month,Electronic check,102.45,102.45,Yes
0362-RAOQO,F,0,No,No,40,Yes,NO,No internet service,No internet service,No internet service,Two year,Credit card (automatic),19.65,830.25,No
9554-DFKIC,M,0,Yes,Yes,30,Yes,DSL,Yes,No,No,Month-to-month,Bank transfer (automatic),54.45,1588.7,No
5527-ACHSO,F,0,No,No,11,Yes,DSL,No,Yes,Yes,Month-to-month,Mailed check,70.5,829.3,No
0829-DDVLK,F,0,No,No,15,Yes,NO,No internet service,No internet service,No internet service,One year,Credit card (automatic),20.1,302.45,No
1399-UBQIU,M,0,No,No,11,Yes,DSL,No,No,Yes,Month-to-month,Electronic check,69.35,712.25,No
1813-JLKWR,F,0,Yes,Yes,64,Yes,NO,No internet service,No internet service,No internet service,One year,Bank transfer (automatic),19.8,1336.65,No
0336-PIKEI,M,1,Yes,No,72,Yes,DSL,Yes,Yes,Yes,Two year,Bank transfer (automatic),74.4,5360.75,No
7322-OCWHC,M,1,Yes,No,72,Yes,FIBER OPTIC,Yes,Yes,No,Two year,Bank transfer (automatic),93.05,6735.05,No
9537-VHDTA,F,0,No,Yes,1,Yes,DSL,Yes,No,No,Month-to-month,Mailed check,51.2,51.2,No
4957-TIALW,F,0,No,Yes,15,Yes,DSL,Yes,Yes,No,One year,Credit card (automatic),65.6,1010.0,No
2054-PJOCK,F,0,No,No,60,Yes,DSL,No,Yes,Yes,One year,Credit card (automatic),80.55,4847.05,No
9150-HEPMB,M,0,No,No,56,Yes,DSL,Yes,No,No,One year,Mailed check,52.7,3019.7,No
9030-QGZNL,F,0,No,No,8,Yes,NO,No internet service,No internet service,No internet service,Two year,Mailed check,20.85,161.65,No
6204-IEUXJ,F,0,No,No,3,Yes,FIBER OPTIC,No,Yes,No,Month-to-month,Credit card (automatic),80.1,217.55,Yes
3126-WQMGH,F,0,Yes,No,49,Yes,DSL,No,No,No,Month-to-month,Credit card (automatic),52.15,2583.75,No
4529-CKBCL,F,0,No,No,2,Yes,FIBER OPTIC,No,No,Yes,Month-to-month,Electronic check,80.2,146.05,Yes
2506-CLAKW,F,0,No,No,6,Yes,FIBER OPTIC,Yes,Yes,No,Month-to-month,Bank transfer (automatic),98.15,567.45,Yes
7176-WRTNX,M,0,No,No,70,Yes,FIBER OPTIC,Yes,Yes,Yes,Two year,Bank transfer (automatic),114.95,7711.25,No
1583-IHQZE,M,0,No,No,12,Yes,FIBER OPTIC,No,Yes,Yes,Month-to-month,Mailed check,112.95,1384.75,Yes
5732-IKGQH,M,1,Yes,No,52,Yes,FIBER OPTIC,Yes,Yes,Yes,One year,Bank transfer (automatic),104.45,5481.25,No
9239-GZHZE,F,0,Yes,No,72,Yes,FIBER OPTIC,Yes,Yes,Yes,Two year,Credit card (automatic),113.65,8124.2,No
7205-BAIAD,F,0,No,No,40,Yes,NO,No internet service,No internet service,No internet service,Two year,Bank transfer (automatic),20.6,827.3,No
0151-ONTOV,F,0,No,No,1,Yes,FIBER OPTIC,No,No,No,Month-to-month,Mailed check,70.9,70.9,Yes
4140-MUHUG,F,1,No,No,3,Yes,FIBER OPTIC,No,No,Yes,Month-to-month,Electronic check,86.85,220.95,Yes
0093-EXYQL,F,1,No,No,40,Yes,FIBER OPTIC,No,No,Yes,Month-to-month,Electronic check,91.55,3673.6,No
8064-RAVOH,M,0,No,Yes,1,Yes,DSL,No,No,No,Month-to-month,Electronic check,49.85,49.85,No
0219-QAERP,M,0,Yes,No,30,Yes,NO,No internet service,No internet service,No internet service,One year,Credit card (automatic),19.8,576.65,No
0320-JDNQG,M,0,Yes,Yes,23,Yes,FIBER OPTIC,Yes,Yes,Yes,Month-to-month,Electronic check,99.85,2331.3,Yes
7180-PISOG,M,0,Yes,Yes,1,Yes,FIBER OPTIC,No,No,No,Month-to-month,Electronic check,74.5,74.5,Yes
9168-INPSZ,F,1,Yes,No,44,Yes,FIBER OPTIC,No,Yes,Yes,Month-to-month,Electronic check,104.15,4495.65,No
3571-RFHAR,M,0,No,No,65,Yes,FIBER OPTIC,No,Yes,Yes,Month-to-month,Electronic check,109.15,6941.2,Yes
0015-UOCOJ,F,1,No,No,7,Yes,DSL,Yes,No,No,Month-to-month,Electronic check,48.2,340.35,No
5334-AFQJB,M,1,No,No,72,Yes,NO,No internet service,No internet service,No internet service,Two year,Credit card (automatic),25.1,1789.9,No
2754-SDJRD,F,1,No,No,8,Yes,FIBER OPTIC,No,Yes,Yes,Month-to-month,Credit card (automatic),100.15,908.55,No
9578-VRMNM,F,0,No,No,16,Yes,DSL,No,No,No,Month-to-month,Credit card (automatic),65.2,1043.35,Yes
1587-FKLZB,M,1,Yes,Yes,66,Yes,FIBER OPTIC,No,No,Yes,Month-to-month,Credit card (automatic),99.5,6822.15,Yes
6140-QNRQQ,M,0,No,No,1,Yes,FIBER OPTIC,No,No,No,Month-to-month,Mailed check,71.55,71.55,Yes
8963-JLGJT,M,0,No,Yes,3,Yes,DSL,Yes,No,No,Month-to-month,Mailed check,55.9,157.55,No
4307-KTUMW,M,0,Yes,No,53,Yes,FIBER OPTIC,Yes,No,No,Month-to-month,Electronic check,93.9,5029.2,Yes
1465-LNTLJ,M,1,Yes,No,8,Yes,DSL,No,Yes,No,Month-to-month,Credit card (automatic),64.4,581.7,No
5440-FLBQG,M,1,Yes,No,69,Yes,FIBER OPTIC,No,Yes,Yes,Two year,Bank transfer (automatic),108.4,7318.2,Yes
2135-DQWAQ,F,0,No,No,5,Yes,FIBER OPTIC,No,No,Yes,Month-to-month,Mailed check,85.3,420.45,No
4056-QHXHZ,F,0,Yes,Yes,72,Yes,FIBER OPTIC,Yes,Yes,Yes,Two year,Mailed check,107.45,7576.7,No
7470-MCQTK,F,0,Yes,No,13,No,DSL,No,No,Yes,Month-to-month,Bank transfer (automatic),48.75,633.4,Yes
7488-MXJIV,F,0,No,No,4,Yes,FIBER OPTIC,No,No,Yes,Month-to-month,Electronic check,85.65,321.65,Yes
7401-JIXNM,F,0,Yes,Yes,54,Yes,DSL,Yes,Yes,Yes,Two year,Credit card (automatic),91.3,4965.0,No
9339-FIIJL,M,0,Yes,No,72,Yes,DSL,No,Yes,Yes,Two year,Bank transfer (automatic),85.95,6151.9,No
2027-FECZV,M,0,No,No,12,Yes,FIBER OPTIC,No,No,Yes,Month-to-month,Electronic check,106.7,1253.9,Yes
2672-DZUOY,M,0,No,No,1,No,DSL,No,No,No,Month-to-month,Electronic check,25.15,25.15,Yes
4706-DGAHW,M,1,No,No,1,Yes,DSL,No,No,No,Month-to-month,Electronic check,45.2,45.2,No
3870-MQAMG,F,0,Yes,No,54,Yes,FIBER OPTIC,No,Yes,Yes,One year,Electronic check,110.35,5893.15,Yes
6670-MFRPK,M,0,Yes,Yes,69,Yes,FIBER OPTIC,No,No,No,Two year,Credit card (automatic),79.2,5420.65,No
6177-PEVRA,F,0,No,No,48,Yes,DSL,Yes,No,No,Two year,Credit card (automatic),55.5,2627.35,No
4800-CZMPC,F,0,Yes,Yes,48,Yes,FIBER OPTIC,Yes,No,Yes,One year,Credit card (automatic),103.25,5037.55,Yes
4813-HQMGZ,F,0,Yes,No,8,Yes,FIBER OPTIC,No,Yes,No,Month-to-month,Electronic check,90.25,743.75,No
7579-KKLOE,M,0,Yes,Yes,71,Yes,DSL,Yes,Yes,Yes,Two year,Mailed check,91.25,6589.6,No
7377-DMMRI,M,0,No,No,2,Yes,DSL,Yes,No,No,Month-to-month,Electronic check,47.8,92.45,Yes
8402-EIVQS,M,0,Yes,No,67,Yes,FIBER OPTIC,Yes,No,Yes,One year,Credit card (automatic),100.9,6733.15,No
4947-DSMXK,M,0,Yes,Yes,34,Yes,FIBER OPTIC,No,No,Yes,Month-to-month,Bank transfer (automatic),97.7,3410.0,No
7245-NIIWQ,F,0,No,No,3,Yes,FIBER OPTIC,No,No,No,Month-to-month,Electronic check,69.85,199.85,No
0002-ORFBO,F,0,Yes,Yes,9,Yes,DSL,No,Yes,Yes,One year,Mailed check,65.6,593.3,No
3324-OIRTO,M,0,Yes,Yes,71,Yes,FIBER OPTIC,Yes,No,Yes,One year,Bank transfer (automatic),104.65,7288.4,No
5414-OFQCB,M,0,No,No,57,Yes,FIBER OPTIC,No,Yes,Yes,Two year,Credit card (automatic),90.45,5229.8,No
4967-WPNCF,M,0,No,No,72,No,DSL,Yes,Yes,Yes,Two year,Bank transfer (automatic),63.7,4464.8,No
8552-OBVRU,F,1,Yes,Yes,48,Yes,FIBER OPTIC,Yes,Yes,Yes,Month-to-month,Electronic check,104.5,5068.05,No
8499-BRXTD,M,0,No,No,18,Yes,NO,No internet service,No internet service,No internet service,One year,Mailed check,20.1,401.85,No
9154-QDGTH,M,0,Yes,Yes,43,Yes,FIBER OPTIC,No,Yes,Yes,One year,Credit card (automatic),104.3,4451.85,No
8197-BFWVU,F,0,Yes,Yes,72,Yes,DSL,Yes,Yes,Yes,Two year,Bank transfer (automatic),93.25,6688.95,No
2577-GVSIL,M,0,Yes,Yes,35,Yes,DSL,No,Yes,Yes,One year,Bank transfer (automatic),73.45,2661.1,No
9367-OIUXP,M,0,No,No,4,Yes,NO,No internet service,No internet service,No internet service,Month-to-month,Mailed check,20.7,73.05,No
6770-UAYGJ,F,0,Yes,Yes,49,Yes,NO,No internet service,No internet service,No internet service,Two year,Mailed check,25.25,1211.65,No
6463-HHXJR,F,0,Yes,Yes,71,Yes,FIBER OPTIC,Yes,No,Yes,Two year,Bank transfer (automatic),100.5,7030.65,No
7928-VJYAB,M,0,Yes,Yes,11,Yes,FIBER OPTIC,No,No,Yes,Month-to-month,Electronic check,90.6,1020.2,No
1187-WILMM,M,0,Yes,Yes,63,Yes,DSL,Yes,Yes,Yes,Two year,Credit card (automatic),89.4,5597.65,No
9776-OJUZI,F,1,No,No,65,Yes,FIBER OPTIC,No,No,Yes,Month-to-month,Bank transfer (automatic),95.45,6223.3,No
1306-RPWXZ,F,0,No,Yes,49,Yes,NO,No internet service,No internet service,No internet service,Two year,Credit card (automatic),20.45,1024.65,No
8949-JTMAY,F,0,No,No,29,Yes,FIBER OPTIC,No,No,Yes,Month-to-month,Credit card (automatic),98.6,2933.2,Yes
2774-LVQUS,F,1,Yes,No,15,Yes,FIBER OPTIC,No,Yes,No,Month-to-month,Electronic check,83.05,1258.3,Yes
3097-PYWXL,F,0,Yes,Yes,4,Yes,NO,No internet service,No internet service,No internet service,Month-to-month,Electronic check,19.95,82.9,No
2266-SJNAT,F,0,Yes,No,72,Yes,FIBER OPTIC,No,Yes,Yes,One year,Credit card (automatic),109.15,7789.6,No
0869-PAPRP,F,1,Yes,No,26,Yes,FIBER OPTIC,No,No,Yes,Month-to-month,Credit card (automatic),85.7,2067.0,No
4238-JSSWH,F,1,Yes,No,35,Yes,FIBER OPTIC,No,No,Yes,Month-to-month,Bank transfer (automatic),102.05,3452.55,No
2972-YDYUW,F,0,No,No,57,Yes,FIBER OPTIC,No,Yes,No,One year,Electronic check,94.7,5468.95,No
1104-FEJAM,M,0,Yes,Yes,28,Yes,DSL,No,No,No,Month-to-month,Electronic check,64.4,1802.15,No
2809-ILCYT,F,0,Yes,No,25,Yes,NO,No internet service,No internet service,No internet service,One year,Mailed check,26.8,733.55,No
5499-ECUTN,F,0,Yes,No,47,Yes,DSL,Yes,No,Yes,One year,Credit card (automatic),66.05,3021.45,No
4981-FLTMF,F,0,Yes,Yes,57,Yes,DSL,Yes,Yes,No,Month-to-month,Bank transfer (automatic),65.2,3687.85,No
9121-PHQSR,M,1,Yes,No,16,Yes,FIBER OPTIC,No,No,Yes,Month-to-month,Credit card (automatic),85.05,1391.15,No
3113-IWHLC,M,0,No,No,5,Yes,DSL,Yes,No,No,Month-to-month,Mailed check,55.8,274.35,No
3211-ILJTT,M,0,Yes,No,17,Yes,FIBER OPTIC,No,No,No,Month-to-month,Bank transfer (automatic),70.4,1214.05,Yes
4612-THJBS,F,1,No,No,56,Yes,FIBER OPTIC,No,No,Yes,One year,Bank transfer (automatic),104.75,5510.65,Yes
4277-BWBML,M,0,Yes,Yes,72,Yes,NO,No internet service,No internet service,No internet service,Two year,Bank transfer (automatic),19.95,1322.85,No
4094-NSEDU,F,1,No,No,21,Yes,FIBER OPTIC,No,No,Yes,Month-to-month,Electronic check,94.25,1973.75,Yes
0234-TEVTT,F,0,Yes,Yes,48,No,DSL,Yes,No,No,One year,Credit card (automatic),45.0,2196.3,No
4304-TSPVK,F,0,Yes,No,68,Yes,FIBER OPTIC,Yes,Yes,Yes,Two year,Bank transfer (automatic),114.9,7843.55,No
1552-AAGRX,F,0,No,No,30,Yes,FIBER OPTIC,Yes,Yes,Yes,Month-to-month,Bank transfer (automatic),106.4,3211.9,No
2637-FKFSY,F,0,Yes,No,3,Yes,DSL,No,No,No,Month-to-month,Mailed check,46.1,130.15,No
9796-MVYXX,F,1,No,No,14,No,DSL,Yes,Yes,No,Two year,Mailed check,39.7,692.35,No
7874-ECPQJ,F,0,No,Yes,4,Yes,NO,No internet service,No internet service,No internet service,Month-to-month,Bank transfer (automatic),20.05,85.5,No
0020-INWCK,F,0,Yes,Yes,71,Yes,FIBER OPTIC,No,No,No,Two year,Credit card (automatic),95.75,6849.4,No
7089-RKVSZ,M,0,Yes,Yes,8,Yes,NO,No internet service,No internet service,No internet service,One year,Mailed check,24.4,203.95,No
2683-JXWQQ,M,0,Yes,Yes,61,No,DSL,Yes,No,No,Month-to-month,Bank transfer (automatic),33.6,2117.2,No
9548-ZMVTX,M,0,Yes,Yes,72,Yes,FIBER OPTIC,No,Yes,No,Two year,Bank transfer (automatic),90.45,6565.85,No
8739-XNIKG,F,0,No,No,5,Yes,FIBER OPTIC,No,No,Yes,Month-to-month,Electronic check,84.0,424.75,No
9755-JHNMN,F,0,No,No,49,Yes,DSL,Yes,Yes,No,Two year,Bank transfer (automatic),67.4,3306.85,No
3981-QSVQI,M,0,No,No,8,Yes,NO,No internet service,No internet service,No internet service,Month-to-month,Bank transfer (automatic),19.7,168.9,No
2789-HQBOU,M,0,No,No,3,Yes,FIBER OPTIC,No,No,No,Month-to-month,Electronic check,80.35,253.8,No
9424-CMPOG,M,0,Yes,Yes,9,Yes,NO,No internet service,No internet service,No internet service,Two year,Mailed check,19.6,197.4,No
5067-WJEUN,M,0,Yes,Yes,67,Yes,DSL,Yes,No,No,Two year,Bank transfer (automatic),54.2,3838.2,No
3450-WXOAT,M,0,No,No,46,Yes,DSL,No,No,No,Month-to-month,Credit card (automatic),45.2,2065.15,No
9251-WNSOD,F,0,Yes,No,67,Yes,DSL,Yes,No,No,One year,Mailed check,75.1,5064.45,No
6974-DAFLI,F,0,Yes,No,55,Yes,NO,No internet service,No internet service,No internet service,One year,Electronic check,19.7,1140.05,No
2616-UUTFK,M,0,Yes,No,33,Yes,DSL,Yes,No,Yes,Month-to-month,Bank transfer (automatic),72.75,2447.45,No
7064-JHXCE,M,0,Yes,Yes,62,Yes,NO,No internet service,No internet service,No internet service,Two year,Credit card (automatic),20.05,1263.9,No
5103-MHMHY,F,0,No,Yes,1,Yes,DSL,No,No,No,Month-to-month,Mailed check,45.95,45.95,Yes
7989-AWGEH,M,0,Yes,Yes,49,No,DSL,Yes,No,No,Month-to-month,Electronic check,39.2,1838.15,No
4373-VVHQL,M,0,No,No,1,Yes,DSL,No,No,No,Month-to-month,Electronic check,44.75,44.75,No
4559-UWIHT,M,0,Yes,No,14,Yes,FIBER OPTIC,No,No,No,Month-to-month,Electronic check,82.65,1185.0,No
7268-IGMFD,M,1,No,No,18,Yes,FIBER OPTIC,No,Yes,Yes,Month-to-month,Bank transfer (automatic),93.9,1743.9,No
1846-XWOQN,F,1,No,No,1,Yes,FIBER OPTIC,No,No,No,Month-to-month,Electronic check,70.15,70.15,Yes
0235-KGSLC,F,0,No,No,1,Yes,FIBER OPTIC,No,No,Yes,Month-to-month,Credit card (automatic),85.55,85.55,Yes
6650-BWFRT,F,0,Yes,No,72,Yes,FIBER OPTIC,Yes,Yes,Yes,Two year,Credit card (automatic),117.15,8529.5,No
9570-KYEUA,M,0,No,No,64,Yes,FIBER OPTIC,Yes,Yes,No,Two year,Credit card (automatic),99.25,6549.45,No
6993-YGFJV,M,0,Yes,No,69,Yes,FIBER OPTIC,Yes,Yes,Yes,Two year,Bank transfer (automatic),112.55,7806.5,No
2712-SYWAY,F,0,No,No,1,Yes,NO,No internet service,No internet service,No internet service,Month-to-month,Electronic check,25.7,25.7,No
0730-BGQGF,M,0,Yes,Yes,71,Yes,DSL,Yes,Yes,Yes,Two year,Credit card (automatic),90.3,6287.3,No
5498-IBWPI,F,0,Yes,Yes,66,Yes,DSL,No,Yes,No,One year,Credit card (automatic),49.4,3251.85,No
9101-NTIXF,M,0,No,No,2,Yes,NO,No internet service,No internet service,No internet service,Month-to-month,Mailed check,19.4,50.6,No
0013-SMEOE,F,1,Yes,No,71,Yes,FIBER OPTIC,Yes,Yes,Yes,Two year,Bank transfer (automatic),109.7,7904.25,No
9314-QDMDW,M,0,No,No,11,Yes,DSL,No,No,Yes,One year,Electronic check,61.25,729.95,No
9308-ANMVE,M,0,No,Yes,47,Yes,DSL,Yes,No,No,Month-to-month,Electronic check,55.3,2654.05,No
2884-GBPFB,F,0,Yes,No,35,Yes,FIBER OPTIC,No,No,No,Month-to-month,Electronic check,70.3,2416.55,Yes
3757-NJYBX,M,1,Yes,No,32,Yes,FIBER OPTIC,No,No,Yes,Month-to-month,Bank transfer (automatic),106.35,3520.75,Yes
3413-DHLPB,M,0,Yes,Yes,60,Yes,FIBER OPTIC,No,Yes,Yes,Month-to-month,Bank transfer (automatic),103.75,5969.95,No
7649-PHJVR,M,0,No,No,11,Yes,NO,No internet service,No internet service,No internet service,One year,Mailed check,19.5,226.8,No
6114-TCFID,F,0,No,No,29,No,DSL,Yes,Yes,No,One year,Credit card (automatic),39.5,1082.75,No
3787-TRIAL,M,0,Yes,Yes,21,No,DSL,No,No,No,Month-to-month,Electronic check,26.05,565.75,No
2573-GYRUU,M,1,Yes,No,48,Yes,FIBER OPTIC,No,No,No,Month-to-month,Credit card (automatic),91.05,4370.75,No
5156-UMKOW,F,0,No,Yes,3,No,DSL,No,No,No,Month-to-month,Mailed check,29.65,90.05,No
1247-QBVSH,F,0,Yes,Yes,43,Yes,DSL,No,No,No,Month-to-month,Mailed check,50.2,2169.4,No
6734-GMPVK,M,0,No,No,5,Yes,FIBER OPTIC,No,No,Yes,Month-to-month,Electronic check,105.3,550.6,No
9822-OAOVB,F,0,No,No,1,Yes,DSL,No,No,No,Month-to-month,Electronic check,55.45,55.45,No
6161-ERDGD,M,0,Yes,Yes,71,Yes,DSL,Yes,Yes,Yes,One year,Electronic check,85.45,6300.85,No
1226-JZNKR,F,0,Yes,Yes,8,Yes,NO,No internet service,No internet service,No internet service,One year,Electronic check,19.8,160.05,No
7318-EIVKO,M,0,No,No,8,Yes,DSL,No,No,Yes,Month-to-month,Electronic check,59.25,436.6,No
3771-PZOBW,M,0,No,No,20,Yes,FIBER OPTIC,No,No,Yes,Month-to-month,Credit card (automatic),90.7,1781.35,No
5136-KCKGI,F,0,Yes,Yes,33,Yes,FIBER OPTIC,Yes,No,Yes,One year,Mailed check,103.7,3467.0,Yes
8231-BSWXX,M,0,No,No,71,Yes,FIBER OPTIC,No,No,No,One year,Credit card (automatic),79.05,5552.5,No
6486-LHTMA,F,1,Yes,No,31,Yes,FIBER OPTIC,No,No,Yes,One year,Electronic check,90.7,2835.5,No
4083-BFNYK,F,1,Yes,No,38,Yes,FIBER OPTIC,Yes,No,No,One year,Credit card (automatic),95.0,3591.25,No
3722-WPXTK,M,0,No,No,1,Yes,FIBER OPTIC,No,No,Yes,Month-to-month,Electronic check,88.35,88.35,Yes
7389-KBFIT,F,0,Yes,Yes,2,No,DSL,No,No,No,Month-to-month,Mailed check,30.25,63.75,No
7176-WIONM,F,0,Yes,No,12,No,DSL,No,No,Yes,Month-to-month,Bank transfer (automatic),49.85,617.15,No
5141-ZUVBH,F,0,No,Yes,9,Yes,FIBER OPTIC,Yes,Yes,No,Month-to-month,Bank transfer (automatic),93.0,870.25,No
1089-HDMKP,M,1,No,Yes,11,Yes,DSL,No,Yes,No,Month-to-month,Electronic check,54.55,601.25,No
7623-HKYRK,M,0,No,Yes,6,Yes,NO,No internet service,No internet service,No internet service,Month-to-month,Mailed check,19.7,111.65,No
0310-SUCIN,F,0,Yes,No,71,Yes,DSL,Yes,Yes,Yes,One year,Bank transfer (automatic),84.8,6046.1,No
5197-PYEPU,F,0,Yes,Yes,42,Yes,FIBER OPTIC,Yes,No,Yes,One year,Credit card (automatic),94.45,3923.8,No
2929-ERCFZ,F,0,Yes,Yes,8,Yes,FIBER OPTIC,No,No,Yes,Month-to-month,Electronic check,94.2,777.3,Yes
7548-SEPYI,F,0,No,No,5,Yes,FIBER OPTIC,No,No,Yes,Month-to-month,Electronic check,96.25,512.45,Yes
8835-VSDSE,F,0,Yes,No,2,Yes,FIBER OPTIC,No,No,No,Month-to-month,Electronic check,70.7,141.45,Yes
6619-RPLQZ,F,0,Yes,Yes,45,Yes,NO,No internet service,No internet service,No internet service,Two year,Mailed check,20.85,892.15,No
3275-RHRNE,M,0,Yes,Yes,28,No,DSL,No,Yes,Yes,One year,Credit card (automatic),60.0,1682.05,No
3503-TYDAY,F,0,Yes,No,43,Yes,FIBER OPTIC,No,No,No,Month-to-month,Electronic check,80.45,3398.9,No
6901-GOGZG,M,0,No,Yes,60,Yes,DSL,Yes,Yes,Yes,Two year,Electronic check,84.95,4984.85,No
1623-NLDOT,F,0,Yes,No,42,No,DSL,No,Yes,No,One year,Mailed check,33.55,1445.3,Yes
7021-XSNYE,M,0,Yes,Yes,7,No,DSL,Yes,Yes,No,Two year,Credit card (automatic),49.65,305.55,No
9621-OUPYD,F,0,Yes,No,25,Yes,NO,No internet service,No internet service,No internet service,One year,Bank transfer (automatic),20.2,507.9,No
9898-KZQDZ,F,1,Yes,Yes,40,Yes,FIBER OPTIC,No,No,Yes,Month-to-month,Credit card (automatic),94.55,3640.45,Yes
8982-NHAVY,M,0,No,No,27,Yes,FIBER OPTIC,No,No,Yes,One year,Bank transfer (automatic),100.5,2673.45,No
4307-KWMXE,M,0,No,No,10,No,DSL,No,Yes,No,Month-to-month,Electronic check,35.75,389.8,No
0141-YEAYS,F,1,No,No,27,Yes,FIBER OPTIC,No,No,No,Month-to-month,Bank transfer (automatic),86.45,2401.05,No
2450-ZKEED,F,0,No,No,11,Yes,DSL,No,Yes,No,One year,Bank transfer (automatic),53.8,651.55,No
3694-DELSO,M,0,Yes,Yes,4,No,DSL,Yes,No,Yes,Month-to-month,Credit card (automatic),38.55,156.1,No
3893-JRNFS,M,0,No,No,68,No,DSL,No,No,No,Month-to-month,Bank transfer (automatic),39.9,2796.35,No
9603-OAIHC,M,1,No,No,1,Yes,FIBER OPTIC,No,No,No,Month-to-month,Electronic check,70.05,70.05,No
1133-KXCGE,F,0,No,No,18,Yes,NO,No internet service,No internet service,No internet service,One year,Mailed check,20.1,407.05,No
5236-PERKL,F,0,No,No,57,Yes,FIBER OPTIC,Yes,No,Yes,Two year,Bank transfer (automatic),112.95,6465.0,Yes
0142-GVYSN,M,0,No,No,26,Yes,NO,No internet service,No internet service,No internet service,Month-to-month,Electronic check,20.3,511.25,No
1049-FYSYG,F,0,Yes,No,17,No,DSL,No,No,No,Month-to-month,Credit card (automatic),35.65,646.05,No
7854-FOKSF,M,0,No,No,1,No,DSL,No,No,No,Month-to-month,Electronic check,35.9,35.9,Yes
2519-FAKOD,M,0,No,Yes,38,Yes,FIBER OPTIC,No,No,Yes,Month-to-month,Bank transfer (automatic),99.25,3777.15,Yes
8406-LNMHF,M,1,Yes,No,59,Yes,FIBER OPTIC,Yes,No,No,One year,Credit card (automatic),82.95,4903.15,No
1821-BUCWY,M,0,No,No,30,Yes,DSL,Yes,No,No,Two year,Mailed check,55.65,1653.85,No
8263-JQAIK,M,1,No,No,2,No,DSL,No,No,No,Month-to-month,Mailed check,24.45,47.5,Yes
0023-UYUPN,F,1,Yes,No,50,Yes,NO,No internet service,No internet service,No internet service,One year,Electronic check,25.2,1306.3,No
8314-DPQHL,M,0,No,No,9,No,DSL,Yes,Yes,No,One year,Mailed check,50.8,463.6,No
1465-WCZVT,F,0,Yes,Yes,3,Yes,NO,No internet service,No internet service,No internet service,Month-to-month,Mailed check,19.65,60.65,No
9481-SFCQY,F,0,No,Yes,14,Yes,DSL,No,No,Yes,Month-to-month,Credit card (automatic),59.8,824.85,No
6360-SVNWV,F,1,No,No,31,Yes,FIBER OPTIC,Yes,No,No,Month-to-month,Credit card (automatic),73.55,2094.65,No
0567-GGCAC,F,0,No,No,7,Yes,DSL,Yes,No,No,Month-to-month,Electronic check,61.4,438.9,No
7089-IVVAZ,F,0,No,No,8,Yes,FIBER OPTIC,Yes,Yes,Yes,Month-to-month,Bank transfer (automatic),103.35,847.3,Yes
8884-MRNSU,M,0,Yes,Yes,17,Yes,NO,No internet service,No internet service,No internet service,One year,Bank transfer (automatic),19.9,329.75,No
2171-UDMFD,M,0,Yes,Yes,32,Yes,NO,No internet service,No internet service,No internet service,Month-to-month,Credit card (automatic),19.45,674.55,No
9050-IKDZA,F,1,No,No,2,Yes,FIBER OPTIC,No,No,Yes,Month-to-month,Mailed check,81.5,162.55,No
2205-YMZZJ,M,1,No,No,7,Yes,FIBER OPTIC,No,No,Yes,Month-to-month,Electronic check,84.8,546.95,Yes
9802-CAQUT,F,0,Yes,Yes,72,Yes,FIBER OPTIC,Yes,No,Yes,Two year,Credit card (automatic),109.55,7887.25,No
1254-IZEYF,F,1,No,No,31,Yes,FIBER OPTIC,No,No,Yes,Month-to-month,Electronic check,99.95,3186.65,Yes
0187-WZNAB,F,0,Yes,Yes,27,Yes,FIBER OPTIC,Yes,No,No,Month-to-month,Mailed check,74.4,1972.35,No
9492-TOKRI,F,0,No,No,18,Yes,FIBER OPTIC,No,No,Yes,Month-to-month,Credit card (automatic),90.0,1527.35,Yes
1475-VWVDO,M,0,No,No,7,Yes,FIBER OPTIC,No,No,No,Month-to-month,Electronic check,74.9,490.55,No
9221-OTIVJ,F,1,No,No,14,Yes,FIBER OPTIC,No,No,Yes,Month-to-month,Electronic check,104.85,1531.4,Yes
1357-MVDOZ,M,0,Yes,Yes,11,Yes,DSL,No,No,Yes,Month-to-month,Bank transfer (automatic),59.65,683.25,No
7602-MVRMB,F,0,Yes,Yes,72,Yes,FIBER OPTIC,Yes,Yes,Yes,Two year,Bank transfer (automatic),110.45,8058.85,No
3325-FUYCG,M,0,Yes,Yes,28,Yes,FIBER OPTIC,Yes,No,Yes,One year,Electronic check,106.1,2847.4,Yes
5908-QMGOE,M,1,No,No,15,Yes,FIBER OPTIC,No,No,No,Month-to-month,Credit card (automatic),74.2,1133.9,Yes
1197-BVMVG,F,1,No,No,4,Yes,FIBER OPTIC,No,No,No,Month-to-month,Electronic check,74.45,294.45,No
5406-KGRMX,F,0,No,No,71,Yes,NO,No internet service,No internet service,No internet service,Two year,Electronic check,24.55,1719.15,No
8481-YYXWG,F,0,No,No,5,Yes,FIBER OPTIC,No,Yes,No,Month-to-month,Electronic check,89.35,461.7,Yes
5968-HYJRZ,M,0,Yes,Yes,47,Yes,NO,No internet service,No internet service,No internet service,Two year,Mailed check,24.55,1160.45,No
5198-EFNBM,M,1,Yes,No,57,Yes,FIBER OPTIC,No,No,Yes,One year,Electronic check,90.65,5199.8,No
7516-GMHUV,M,1,Yes,No,50,Yes,FIBER OPTIC,Yes,No,Yes,Two year,Credit card (automatic),105.05,5163.3,No
7140-ADSMJ,M,0,No,No,8,Yes,NO,No internet service,No internet service,No internet service,Month-to-month,Credit card (automatic),20.45,162.3,No
2230-XTUWL,F,0,Yes,Yes,48,Yes,NO,No internet service,No internet service,No internet service,Two year,Mailed check,19.55,883.35,No
7706-YLMQA,F,0,No,No,70,Yes,NO,No internet service,No internet service,No internet service,One year,Bank transfer (automatic),19.7,1341.5,No
2585-KTFRE,M,0,No,Yes,1,Yes,DSL,Yes,Yes,No,Month-to-month,Bank transfer (automatic),70.45,70.45,No
7994-UYIVZ,M,0,Yes,No,8,Yes,FIBER OPTIC,No,No,No,Month-to-month,Bank transfer (automatic),85.65,659.45,No
2609-IAICY,F,0,No,No,1,Yes,FIBER OPTIC,No,No,No,Month-to-month,Electronic check,77.15,77.15,Yes
1740-CSDJP,M,0,No,No,1,No,DSL,No,No,No,Month-to-month,Bank transfer (automatic),35.25,35.25,Yes
7717-BICXI,M,0,Yes,Yes,60,Yes,NO,No internet service,No internet service,No internet service,Two year,Mailed check,20.55,1205.05,No
6559-RAKOZ,M,0,Yes,Yes,49,Yes,FIBER OPTIC,No,Yes,Yes,One year,Electronic check,97.95,4917.9,No
2636-OHFMN,M,0,Yes,No,4,No,DSL,No,No,Yes,Month-to-month,Electronic check,48.55,201.0,Yes
4716-MRVEN,F,0,No,No,29,Yes,NO,No internet service,No internet service,No internet service,One year,Mailed check,20.0,599.3,No
2143-LJULT,F,0,Yes,No,67,Yes,NO,No internet service,No internet service,No internet service,Two year,Credit card (automatic),25.25,1733.15,No
1323-OOEPC,F,0,Yes,No,53,Yes,FIBER OPTIC,No,No,Yes,Month-to-month,Credit card (automatic),98.4,5149.5,Yes
3200-MNQTF,M,0,Yes,No,67,Yes,DSL,Yes,Yes,No,Two year,Credit card (automatic),70.9,4677.1,No
6164-HXUGH,F,0,Yes,Yes,6,Yes,NO,No internet service,No internet service,No internet service,Month-to-month,Mailed check,19.85,119.3,No
5630-IXDXV,F,0,No,No,47,Yes,FIBER OPTIC,No,No,Yes,Month-to-month,Electronic check,106.35,4849.1,No
0320-DWVTU,F,0,No,No,53,Yes,FIBER OPTIC,Yes,Yes,No,Two year,Mailed check,99.5,5424.25,No
9135-MGVPY,M,0,Yes,No,69,Yes,DSL,Yes,Yes,Yes,Two year,Mailed check,84.7,5878.9,No
1212-GLHMD,M,0,No,No,3,Yes,FIBER OPTIC,Yes,No,No,Month-to-month,Mailed check,86.05,244.85,No
7878-JGDKK,M,0,No,No,4,Yes,DSL,No,No,No,Month-to-month,Mailed check,44.55,220.75,No
1088-AUUZZ,M,0,Yes,Yes,56,Yes,DSL,Yes,Yes,No,Two year,Credit card (automatic),75.85,4261.2,No
0397-GZBBC,M,1,Yes,No,59,Yes,FIBER OPTIC,No,No,Yes,Month-to-month,Bank transfer (automatic),93.85,5574.75,Yes
6614-YWYSC,M,1,Yes,No,61,Yes,NO,No internet service,No internet service,No internet service,Two year,Bank transfer (automatic),25.0,1501.75,No
9588-OZDMQ,F,0,Yes,No,2,Yes,DSL,No,No,No,Month-to-month,Electronic check,45.0,89.75,No
7641-EUYET,M,1,Yes,Yes,46,Yes,FIBER OPTIC,Yes,No,Yes,Month-to-month,Electronic check,100.7,4541.2,Yes
6476-EPYZR,M,0,Yes,Yes,12,Yes,NO,No internet service,No internet service,No internet service,Month-to-month,Mailed check,20.5,255.5,No
9921-ZVRHG,F,0,No,No,14,Yes,FIBER OPTIC,No,No,No,Month-to-month,Electronic check,80.45,1072.0,Yes
1174-FGIFN,F,0,Yes,Yes,28,Yes,FIBER OPTIC,No,Yes,No,One year,Electronic check,90.45,2509.25,No
6620-HVDUJ,M,0,No,No,24,Yes,DSL,Yes,Yes,No,Month-to-month,Bank transfer (automatic),60.45,1440.75,No
4701-MLJPN,M,0,No,No,31,Yes,DSL,No,Yes,No,Month-to-month,Electronic check,55.25,1715.65,Yes
1032-MAELW,F,0,Yes,Yes,68,Yes,DSL,Yes,Yes,No,One year,Electronic check,78.45,5333.35,No
7641-TQFHN,M,0,No,Yes,39,Yes,FIBER OPTIC,No,Yes,Yes,Two year,Mailed check,100.55,3895.35,No
1552-TKMXS,F,0,Yes,No,42,Yes,NO,No internet service,No internet service,No internet service,Month-to-month,Credit card (automatic),20.35,869.9,No
9206-GVPEQ,M,0,Yes,No,13,No,DSL,Yes,Yes,Yes,Month-to-month,Electronic check,54.45,706.85,Yes
8622-ZLFKO,F,0,Yes,No,6,Yes,FIBER OPTIC,No,No,No,Month-to-month,Electronic check,90.75,512.25,No
1596-BBVTG,M,0,No,No,35,Yes,FIBER OPTIC,No,No,No,Month-to-month,Credit card (automatic),75.35,2636.05,Yes
6188-UXBBR,F,0,Yes,No,38,Yes,NO,No internet service,No internet service,No internet service,One year,Credit card (automatic),20.25,814.75,No
2333-KWEWW,M,0,No,No,18,Yes,NO,No internet service,No internet service,No internet service,Two year,Credit card (automatic),20.05,388.6,No
5702-SKUOB,F,0,Yes,No,4,Yes,NO,No internet service,No internet service,No internet service,Month-to-month,Mailed check,19.6,93.45,No
1134-YWTYF,M,0,Yes,No,27,Yes,DSL,No,Yes,No,Month-to-month,Electronic check,53.8,1389.85,No
6061-GWWAV,M,0,No,Yes,41,Yes,DSL,Yes,No,Yes,One year,Mailed check,70.2,2894.55,No
